id,FID,geom,stationsname,description,city,address,postalcode,openinghours,license
f6b479c4210c45c1b0282138ebde8f2f,MRN_Refill_4326_Point.1,POINT (8.465881798633319 49.48506140126151),Umgekrempelt,Faire Kleidung die nicht nur auf Labels sondern auch auf Transparenz und echte Transformation setzt. Wirtschaftet seit November 2023 teilweise gemeinschaftsbasiert. Bist du schon ein Ultra? ,Mannheim,M2 15a,68161,Di-Fr 11:00-14:00;15:00-19:00 Sa 12:00-18:00,CC0-1.0
d24bcae66e96437fa8f998162196524e,MRN_Refill_4326_Point.2,POINT (8.68860304760216 49.41426788895124),Annas Unverpacktes,Unverpackte Biolebensmittel nachhaltiges und regionales Zubehör festes Schampoo Deocremes Trinkflaschen uvm. :,Heidelberg,Ladenburger Straße 37,69120,Di-Sa 10:00-18:30,CC0-1.0
d131c294325d4599ad0a7009ab35e140,MRN_Refill_4326_Point.3,POINT (8.703600032582694 49.37469998345463),Refill-Station im Stadtteilverein Boxberg e.V.,Der Stadtteilverein Boxberg e.V. geht mit der Zeit und arbeitet an vielen aktuellen. Jetzt gibt es auch noch kostenlos Leitungswasser zum Trinken. Einfach reinkommen!,Heidelberg,Boxbergring 12,69126,Mo 17:00-18:30,CC0-1.0
e913384994cf41758097f97743b11b44,MRN_Refill_4326_Point.4,POINT (8.474144008231416 49.48366778413005),Wasserturm Mannheim,Öffnungszeiten: immer geöffnet,Mannheim,Friedrichsplatz,68161,Unbekannt,CC0-1.0
2f7dfcf4261a4ae9a1e4c58d788dc7aa,MRN_Refill_4326_Point.5,POINT (8.376415375795409 49.38466715597765),Weltladen,Fairtrade Produkte,Schifferstadt,Lillengasse 8,67105,Unbekannt,CC0-1.0
29ccd691b3c941d6acbd12994221d8f8,MRN_Refill_4326_Point.6,POINT (8.470453791539397 49.49722060910297),Langer Vintage Concept Store,Streetstyle & Sportswear Vintage Shop - High Quality und Marken Second-Hand Damen und Herren Mode aus Mannheim - Fashion Blog,Mannheim,Langstraße 20,68169,Mi 12:00-18:00 Do-Fr 12:00-19:00 Sa 11:00-18:00,CC0-1.0
4e877235606b4335a14df71b4b282e44,MRN_Refill_4326_Point.7,POINT (8.482450222821184 49.455925612457065),Buchhandlung Karl Böttger e.k.,Das Sortiment ist liebevoll ausgesucht und bietet vor allem Lesestoff für Roman- und Krimi-Fans. Auch Freunde des historischen Romans und des Sachbuchs kommen nicht zu kurz. Kinder- und Jugendbücher bilden einen weiteren Schwerpunkt.,Mannheim,Sennteichplatz 2,68199,Unbekannt,CC0-1.0
8ab4a39e7fe04714bed24756c6272a9e,MRN_Refill_4326_Point.8,POINT (8.707314892070048 49.41167850951277),Frischemacher FoodStore Heidelberg,,Heidelberg,Hauptstraße 146,69117,7:00-20:00,CC0-1.0
83974216bd31484ca8e5d442b0c88d07,MRN_Refill_4326_Point.9,POINT (8.470456976662602 49.48732778406112),Freudenhaus,Modegeschäft mit Fokus auf fair und biologisch hergestellter Kleidung.,Mannheim,Q5 2,68161,Mo-Sa 11:00-19:00,CC0-1.0
72d208f5ac5d4df082c1ae1479799582,MRN_Refill_4326_Point.10,POINT (8.481788723022579 49.47843219594957),Raben-Drogerie,Das Fachgeschäft mit der sachkundigen und persönlichen Beratung,Mannheim,Traitteurstraße 56,68165,Mo-Sa 9:00-12.30 Mo;Di 15:00-18.30 Do;Fr 15:00-18.30,CC0-1.0
794c111379aa4d3ea1baa420259ee451,MRN_Refill_4326_Point.11,POINT (8.498589996480657 49.48232818836455),Luisenpark - Stadtpark Mannheim gGmbH,Nicht umsonst zieht der Luisenpark jährlich rund 1.2 Millionen Besucher an und gilt als einer der schönsten Parks Europas. Auf geschwungenen Parkwegen geht es vorbei an sprudelnden Wasserfontänen und blühenden Baum- und Strauchgruppen.,Mannheim,Gartenschauweg,68165,Unbekannt,CC0-1.0
bdce5a5ead324369a4e1a4c994f65f69,MRN_Refill_4326_Point.12,POINT (8.611004477651326 49.47249709603959),Maggis unverpackt,Unverpacktes in Ladenburg,Ladenburg,Hauptstrasse 47,68526,Di;Mi;Do;Sa 9:00-13:00 Di;Do 14:00-18:00 Fr 9:00-18:00,CC0-1.0
63609335ee274970acdf669cd927088c,MRN_Refill_4326_Point.13,POINT (8.4639841357544 49.48567730350684),basic Bio-Supermarkt,Gut sortierter Bio-Supermarkt mit Bäckerei/Café. Brot von Lummerland,Mannheim,Kurpfalzstraße 3-5,68161,Unbekannt,CC0-1.0
a799d0a413a843d59bed4ae53af333f8,MRN_Refill_4326_Point.14,POINT (8.469509737784746 49.48989159869491),Weltladen Mannheim,Gute Produkte aus der ganzen Welt,Mannheim,S2 3  ,68161,Mo 10:00-18:00 Di-Sa 11:00-15:00,CC0-1.0
dce0bf8938a041e0974106c3ea40d6f8,MRN_Refill_4326_Point.15,POINT (8.362558832560927 49.6329110067491),Stadtverwaltung Abt. Umweltschutz & Landwirtschaft,Stadtverwaltung mit Umweltschutz-Engagement,Worms,Ludwigsplatz 5,67547,Mo-Fr 8:00-12:00 Do 14:00-16:00,CC0-1.0
95986c9e1ee84505a350678073e9eaa9,MRN_Refill_4326_Point.16,POINT (8.416448099732607 49.333132197769885),Küche & Co,,Speyer,Iggelheimer Straße 17,67346,Mo-Fr 10:00-19:00 Sa 10:00-16:00,CC0-1.0
ef970b18f0be433fb0bdf69070f12f6b,MRN_Refill_4326_Point.17,POINT (8.706329096437585 49.38138170138997),Trinkwasserstelle Forstquelle,Öffnungszeiten: immer geöffnet,Heidelberg,Zur Forstquelle 0,69126,Unbekannt,CC0-1.0
70daec91d3e04014a5782f73dd8f5c83,MRN_Refill_4326_Point.18,POINT (8.44833277559296 49.37187909585045),Bleuwater Labor - Bluesales GmbH,,Otterstadt,Merowinger Str. 21A,67166,15:00-18:30,CC0-1.0
d0f386eaacca4df0a235c5cd7b188d55,MRN_Refill_4326_Point.19,POINT (8.20037017958256 49.53463499412622),Weingut WoW by Wolfgang Bender,Öffnungszeiten: immer geöffnet,Bissersheim,Freinsheimer Weg 9,67281,Unbekannt,CC0-1.0
b6d16b6f01f04610b652410c17311dd5,MRN_Refill_4326_Point.20,POINT (8.319632256552406 49.610623777662695),!WOW!,,Worms,Untere Hauptstraße 82,67551,Di-Sa 10:00-13:00 Di;Do;Fr 15:00-18:00,CC0-1.0
88b41ac832cf4b9abbb5332ec09a914f,MRN_Refill_4326_Point.21,POINT (8.174482587806175 49.556954912635014),Cafè & Konditorei Petticakes,,Grünstadt,Kirchheimer Str. 67,67269,Do;Fr 13:00-17:00 Sa 10:00-17:00,CC0-1.0
cf5672ea9c6043969c1b6fb683b7d978,MRN_Refill_4326_Point.22,POINT (8.362377615814273 49.63302621600825),Kath. Jugendzentrale / Bund dt. kath. Jugend,,Worms,Martinsgasse 8,67547,Di 8:00-12:00 Mi 10:00-12:00 Fr 10:00-14:00,CC0-1.0
1ae7cdf8cdca49b6af13b29985217126,MRN_Refill_4326_Point.23,POINT (8.215484259750454 49.14651989431424),Verbandsgemeinde Herxheim,,Herxheim,Obere Hauptstraße 2,76863,Mo 8:00-18:00 Di 8:00-12:00 Do 8:00-16:00 Fr 8:00-12:00,CC0-1.0
90b2fe8dfb434389bd44e8885f6ec1e9,MRN_Refill_4326_Point.24,POINT (8.566422308127592 49.295536931276104),Kindertreff Kinderhaus,,Reilingen,Neugasse 46,68799,Mo-Fr 7:30-15:00,CC0-1.0
74f0030be438470ebc7075b3df777850,MRN_Refill_4326_Point.25,POINT (8.246813802163496 49.11165075800924),VR Bank Südliche Weinstraße-Wasgau eG,Wir sind barrierefrei.,Hatzenbühl,Luitpoldstraße 148,76770,Mo-Fr 9:00-12:00 Mo;Di;Fr 14:00-16:00 Do 14:00-18:00,CC0-1.0
a7aecef973004e688909266bc2f9d658,MRN_Refill_4326_Point.26,POINT (8.21513959589188 49.146209596258686),VR Bank Südliche Weinstraße-Wasgau eG,Wir sind barrierefrei.,Herxheim,Obere Hauptstraße 49,76863,Mo-Fr 8:30-12:00 Mo;Do 14:00-18:00 Di;Mi;Fr 14:00-16:00,CC0-1.0
4392a5cefa7048ffbfce0ba7abf59142,MRN_Refill_4326_Point.27,POINT (8.35485519299044 49.632933637887675),ERGO Versicherungsbüro,,Worms,Friedrich-Ebert-Straße 1a,67549,Di-Do 9:30-14:00,CC0-1.0
9cc50b57e9d4402d91606683a7677c69,MRN_Refill_4326_Point.28,POINT (8.73516343009433 49.28224511876807),Gemeinde Dielheim,Wir sind barrierefrei.,Dielheim,Hauptstr. 37,69234,Mo-Fr 08:00-12:00,CC0-1.0
eabcfa100de14d608b2d13ebdfc531db,MRN_Refill_4326_Point.29,POINT (8.54876473944111 49.3177744975862),Buchhandlung Gansler,,Hockenheim,Rathausstraße 2,68766,Mo-Fr 9:00-13:00;14:30-18:00 Sa 9:00-12.30,CC0-1.0
0f78fed3c68b4ac1b1b78dddb6ab600c,MRN_Refill_4326_Point.30,POINT (8.371427472853766 49.386281720076816),Stadtverwaltung Schifferstadt,,Schifferstadt,Marktplatz 2,67105,Mo-Fr 8:30-12:00 Do 14:00-18:00,CC0-1.0
26bbb2b5926f4872a1d11ab45eb7f251,MRN_Refill_4326_Point.31,POINT (8.446493283122077 49.486291990376216),Bloom's Friseur Zollhof,Normaler Friseur nicht besonders nachhaltig,Ludwigshafen,Im Zollhof 4,67061,Mo-Sa 9:00-20:00,CC0-1.0
6eea4221a2194929a84c113d1856a4ca,MRN_Refill_4326_Point.32,POINT (8.372175725350239 49.61641307436694),Wormser Erlebnisgarten,,Worms,Hammelsdamm 105,67547,Mo-Do 8:00-16:00 Fr 8:00-14:00,CC0-1.0
cd8736445b154a918dc14171ff79c719,MRN_Refill_4326_Point.33,POINT (8.679189583602914 49.386169947397974),Boulderhaus Heidelberg,,Heidelberg,Im Bosseldorn 25/1,69126,10:00-23:00,CC0-1.0
028e6cc616914496b20e029fd732e70e,MRN_Refill_4326_Point.34,POINT (8.668916723071094 49.551156102470664),Haus der Optik - Horst Riede GmbH,,Weinheim,Bahnhofstr. 17,69469,Mo-Fr 8:30-18:30 Sa 9:30-14:00,CC0-1.0
ed8e64121472496bbd7c74ee1dbbee31,MRN_Refill_4326_Point.35,POINT (8.666951166776451 49.554162188225504),Sport65 Shop & Reisen,,Weinheim,Am Hauptbahnhof 8,69469,Mo-Fr 10:00-13:00;14:00-19:00 Sa 10:00-16:00,CC0-1.0
a1f45dd14c8e4dbbbc8aa6ef97b90cb0,MRN_Refill_4326_Point.36,POINT (8.35710397379338 49.63058599253678),EWR-Kundencenter,,Worms,Lutherring 5,67547,Mo-Do 8:00-18:00 Fr 8:00-16:00 Sa 10:00-13:00,CC0-1.0
3aa045a37c4b48cb8569a635d7e3050c,MRN_Refill_4326_Point.37,POINT (8.468313640201611 49.486205782502054),Bücher Bender,Buchladen mit kostenlosem Trinkwasser,Mannheim,O4 2,68161,Unbekannt,CC0-1.0
b5a2d3f77e9e4f158e3434000333a026,MRN_Refill_4326_Point.38,POINT (8.464058567054597 49.48878719913251),Café am Rathaus,Refill Station,Mannheim,E3 15,68159,Unbekannt,CC0-1.0
c76fbcbc21a44d29a995632dfe6a7ea1,MRN_Refill_4326_Point.39,POINT (8.480599582419078 49.4800149926357),Arte e Gusto,Geschmackvolle und phantastische Produkte die nicht nur eine Funktion sondern auch eine Geschichte haben.,Mannheim,Seckenheimer Straße 27,68165,Mo-Fr 9:00-19:00 Sa 9:00-14:00,CC0-1.0
d6b562e540cc4566afc998066c718589,MRN_Refill_4326_Point.40,POINT (8.463218029804164 49.4867174557814),ALPHA Buchhandlung,,Mannheim,C2 23,68159,Mo-Fr 10:00-18.30 Sa 10:00-15:00,CC0-1.0
8150ebee087a46ab8660730e105b2829,MRN_Refill_4326_Point.41,POINT (8.516241530196854 49.45249850370572),Onwerk GmbH,Agentur für individuelle Softwareentwicklung,Mannheim; Deutschland,Krügerstraße 7-11,68219,Mo-Fr 9:00-17:00,CC0-1.0
a8f8b14885bc4116b50b7ce2e96e1d83,MRN_Refill_4326_Point.42,POINT (8.478156760557628 49.49596810131146),zweiachtel,,mannheim,Eichendorffstraße 12,68167,Mo-Fr 13:00-19:00 Sa 10:00-16:00,CC0-1.0
a88ecbe1387f456ba0fbdf14002d2294,MRN_Refill_4326_Point.43,POINT (8.360714478586202 49.63097730168653),Optik Stahr,,Worms,Stephansgasse 22,67547,Di-Fr 9:30-13:00;14:00-18:00 Sa 9:30-13:00,CC0-1.0
b691ed1d8cea44eebf2b765c43893511,MRN_Refill_4326_Point.44,POINT (8.5349149855482 49.39717961912844),Brillen Meyer GmbH,,Brühl,Mannheimerstr. 27,68782,Mo-Fr 9:00-17:00,CC0-1.0
98fdd62fe6d34e86a9b29db7832188b2,MRN_Refill_4326_Point.45,POINT (8.701174393622752 49.41182410317092),Theater- und Spielberatung Baden-Württemberg e.V.,,Heidelberg,Bienenstraße 5,69117,Mo;Mi;Fr 9:00-12:00;14:00-16:00,CC0-1.0
349e27c574ce40749e02c7e3814e6bac,MRN_Refill_4326_Point.46,POINT (8.374493573035343 49.38320639980175),Axa Generalvertretung,Unsere,Schifferstadt,Hauptstraße 31,67105,Mo;Di;Do;Fr 09:00-12:00 Mo 15:00-17:00 Di;Fr 15:00-17:00,CC0-1.0
b82982f44e6146d0a518d126b3726523,MRN_Refill_4326_Point.47,POINT (8.14550400159578 49.285835381264725),De' Bäcker Becker,Gläserne Backstube mit Café  Bäckerei mi,Edenkoben,Venninger Straße 1,67480,Unbekannt,CC0-1.0
29897f2857c24bd08a0fd9656037c372,MRN_Refill_4326_Point.48,POINT (8.174676796502748 49.23544815705877),Weingut Doppler-Hertel,,Essingen,Kirchstraße 33,76879,Sa 10:00-16:00,CC0-1.0
feb265fde8434ccaad6ba5f033cc4125,MRN_Refill_4326_Point.49,POINT (8.472975738566824 49.482277310212275),Bloom's Friseur - Kaiserring,Friseurkette nicht besonders nachhaltig,Mannheim,Kaiserring 34,68161,Mo-Do 10:00-20:00 Fr 10:00-21:00 Sa 9:00-19:00,CC0-1.0
1749ad6e37fc45a0903a1407b116ddfd,MRN_Refill_4326_Point.50,POINT (8.416130593240322 49.418398700383676),Haarfrei Leben,,Neuhofen,Industriestraße 13,67141,Mo-Sa 10:00-19:00,CC0-1.0
d6a99e6ab7f744bf990256860244858d,MRN_Refill_4326_Point.51,POINT (8.711301576677384 49.36728820175272),Schweinsbrunnen,Öffnungszeiten: immer geöffnet,Heidelberg,Unterer Neuer Weg 0,69126,Unbekannt,CC0-1.0
0bcc626d0ea047be90d52a6040ac764d,MRN_Refill_4326_Point.52,POINT (8.429935755408339 49.336213930200884),Schlör & Faß GmbH,,Speyer,Wormser Landstraße 247,67346,Mo-Fr 7:30-17:00 Sa 9:00-14:00,CC0-1.0
dead8bd597b249d6925d6d95509c86a5,MRN_Refill_4326_Point.53,POINT (8.545731580139012 49.51141259610253),KiTa Zwickauer Weg,:  Evangelische Tageseinrichtung für Kinder,Mannheim,Zwickauer Weg 22,68309,Mo-Fr 7:00-17:15,CC0-1.0
b4ab3b5c9c454952a3aef736f78a3591,MRN_Refill_4326_Point.54,POINT (8.706388859407227 49.41184375873387),STA Travel Heidelberg,,Heidelberg,Hauptstr. 139,69117,Mo-Fr 10:00-19:00 Sa 10:00-17:00,CC0-1.0
91ef335b58a64059b6606d8357366e4b,MRN_Refill_4326_Point.55,POINT (8.352827275336175 49.631842439822776),Café Fritzi's Manufakturei,,Worms,Gewerbeschulstraße 14,67549,Di-Fr 8:00-18:00 Sa 8:00-14:00,CC0-1.0
0968f1e5479443bdb486f6ce30acddc4,MRN_Refill_4326_Point.56,POINT (8.203179206793745 49.12082978017667),VR Bank Südliche Weinstraße-Wasgau eG,Wir sind barrierefrei.,Herxheim-Hayna,Hauptstraße 121 - 123,76863,Mo;Do 9:00-12:00 Di;Fr 14:00-16:00,CC0-1.0
f7860106519c4af8b4dbb8ebb974e4c1,MRN_Refill_4326_Point.57,POINT (8.366926558486618 49.62942924798905),Nibelungenmuseum Worms,,Worms,Fischerpförtchen 10,67547,Di-Fr 10:00-17:00 Sa;So;FT 10:00-18:00,CC0-1.0
b4e22d8e119f439d8e86781a8af90f8a,MRN_Refill_4326_Point.58,POINT (8.735418491407959 49.282193318606446),Gemeinde Dielheim,Wir sind barrierefrei.,Dielheim,Rathausstr. 3,69234,Mo-Fr 08:00-12:00,CC0-1.0
ff30e4ae70e541dc949b3a5d099349df,MRN_Refill_4326_Point.59,POINT (8.674476104171237 49.362366180570035),AVR GewerbeService GmbH,,Heidelberg,Hatschekstraße 15,69126,Mo-Fr 07:00-12.00;12.30-16.00,CC0-1.0
7f48b551ef024169b572a5ed27a101f1,MRN_Refill_4326_Point.60,POINT (8.683118684535435 49.24504878895593),Gemeindeverwaltung Malsch,Wir sind barrierefrei.,Malsch,Kirchberg 10,69254,Mo 7:30-18:00 Di-Fr 7:30-12:30,CC0-1.0
e5307b710724499cae99c317e8c28677,MRN_Refill_4326_Point.61,POINT (8.448330512479101 49.48116218181381),Bloom's Friseur Bismarckstraße,,Ludwigshafen,Bismarckstraße 52,67059,Mo-Fr 9:00-19:30 Sa 09:00-18:00,CC0-1.0
6e4e22d0d92f491cab792eb13d50d72d,MRN_Refill_4326_Point.62,POINT (8.877049269563075 49.23929549252581),AVR UmweltService GmbH,,Sinsheim,Dietmar-Hopp-Str. 8,74889,Mo-Do 8:00-17:00 Fr 8:00-16:00,CC0-1.0
4d3b1e7dd1974891bd6901e8978e6599,MRN_Refill_4326_Point.63,POINT (8.475676974503173 49.49669808125901),L'art pour l'art,Ein Ort für das Schöne und Individuelle! Fernab des Mainstreams findest Du bei uns Kleinmöbel und Home Accessoires. Ausgefallene Mode und Taschen. Handgedruckte Poster und Prints. Naturkosmetik und Delikatessen,Mannheim; Deutschland,Lange Rötterstraße 4,68167,Unbekannt,CC0-1.0
73f4409e3720406caae3c3a699a94b47,MRN_Refill_4326_Point.64,POINT (8.47201911195741 49.466138793838276),Jugendtreff Lindenhof,Platz und Jugendtreff,Mannheim,Pfalzplatz 29,68163,Mo;Mi 14:00-18:00 Di;Do 14:00-20:00,CC0-1.0
c9222aa846af4cdfb581eb5e01de8f6e,MRN_Refill_4326_Point.65,POINT (8.532857647413786 49.42936466048908),Nachbarschaftshaus Rheinau,Haus für die Nachbarschaft,Mannheim,Rheinauer Ring 101,68219,Mo-Do 15:00-21:00 Fr 15:00-18:00,CC0-1.0
bb858de592fa459685d58770b0c16db8,MRN_Refill_4326_Point.66,POINT (8.465517940216474 49.48635619575454),Stadtbibliothek Mannheim,Bücher für alle     Wir sind barrierefrei.,Mannheim,N1 1,68161,Di-Fr 10:00-19:00 Sa 10:00-15:00,CC0-1.0
6736fe9ce2eb43efb7038cce062adab2,MRN_Refill_4326_Point.67,POINT (8.474689837766201 49.48061149077518),Der Zetzsche,Normaler Friseur. Nicht besonders nachhaltig,Mannheim,Schwetzinger Straße 32,68165,Unbekannt,CC0-1.0
de0f1b1af3dd43a689c00b4031e3c966,MRN_Refill_4326_Point.68,POINT (8.361501204018248 49.62954479252433),Tourist Information Worms,ab November:     Uhr * nach Ostern,Worms,Neumarkt 14,67547,Mo-Fr 9:00-17:00 Mo-Fr 9:00-18:00 Sa;So;FT 10:00-14:00,CC0-1.0
7f4edbd4929342b8af22c3c27b5ee69c,MRN_Refill_4326_Point.69,POINT (8.567517990510686 49.39047518623549),Firma An- und Verkauf Ochs,,Schwetzingen,Mannheimer Str. 51 +53,68723,Mo-Fr 15:00-18:30 Sa 10:00-14:00,CC0-1.0
2ba2e5f9c5be4148998af09df360a7ce,MRN_Refill_4326_Point.70,POINT (8.167622419152233 49.22178699598731),De' Bäcker Becker,Bäckerei mit Sitzgelegenheit,Bornheim,Hauptstraße  65,76879,Unbekannt,CC0-1.0
18a8d8337dba4104a29a75c17c3154e9,MRN_Refill_4326_Point.71,POINT (8.470861403490817 49.480051412005004),Frauenbuchladen Xanthippe,Ein Ort abseits der Hektik bietet individuelle Beratung hat Atmosphäre voller Bücher die Frauen interessieren :,Mannheim; Deutschland,T 3 4,68161,Mo-Fr 10:00-18.30 Sa 10:00-16.00,CC0-1.0
2122378645e74e698458c355da568d2c,MRN_Refill_4326_Point.72,POINT (8.467235978910344 49.48959098173752),Bloom's Friseur,Friseur nicht besonders nachhaltig,Mannheim,C 1 8,68159,Mo-Mi 9:00-20:00 Do-Fr 9:00-21:00 Sa 9:00-19:00,CC0-1.0
6d832fed3fa34943a3ec9035d1276a91,MRN_Refill_4326_Point.73,POINT (8.467235978910344 49.48959098173752),Bloom's Friseur,Haare schneiden nicht besonders nachhaltig,Mannheim,N 7 8,68161,Unbekannt,CC0-1.0
de7fa8aaac7e45218ab164032a1f91fd,MRN_Refill_4326_Point.74,POINT (8.800154528021885 49.393064398035904),Wahlkreisbüro MdL Hermino Katzenstein (B'90/Grüne),,Neckargemünd,Hauptstraße 20,69151,Mo-Fr 9:30-15:00,CC0-1.0
cf786e462d9f4d2da04cdb1ba08293df,MRN_Refill_4326_Point.75,POINT (8.68117156842778 49.39866003086728),l'Armadio Designer Secondhand,,Heidelberg,Czernyring 48,69126,Mi-Fr 11:00-18:00 Sa 11:00-13:00,CC0-1.0
dcb7e44f24464a14812e2d76aec20d8b,MRN_Refill_4326_Point.76,POINT (8.76940819843179 49.41560719135013),Trinkwasserbrunnen Am Steinbruch,Öffnungszeiten: immer geöffnet,Heidelberg,Kleingemünder Str 0,69118,Unbekannt,CC0-1.0
ae08a01063284d4f921e697195022826,MRN_Refill_4326_Point.77,POINT (8.469616187955074 49.47276590367442),Zahnarztpraxis Dr. Carola Wißmeier,Refill Station,Mannheim,Meerfeldstr. 61,68163,Unbekannt,CC0-1.0
c163703a9c374669b9c9137d81daee7f,MRN_Refill_4326_Point.78,POINT (8.455025976735644 49.47850071800803),Erste Reserve Personalservice Spreen GmbH,,Ludwigshafen,Walzmühlstraße 65,67061,Mo-Fr 8:00-17:00,CC0-1.0
66e5ab835a064ee48f9c368e3bfa69e8,MRN_Refill_4326_Point.79,POINT (8.433712640979193 49.31820738097569),Bloom's Friseur,,Speyer,Wormser Straße 50,67346,Mo-Mi 9:00-18:00 Do-Fr 9:00-20:00 Sa 8:00-19:00,CC0-1.0
9b3ed596a8524b5ba1c5d3afe7ac85b1,MRN_Refill_4326_Point.80,POINT (8.65380993515896 49.59032569992837),Optik Riede,,Hemsbach,Bachgasse 49,69502,Mo-Fr 8:30-13:00;14:30-18:00 Sa 8:30-13:00,CC0-1.0
3e262c6dcdea41af942ba65206ae9bf6,MRN_Refill_4326_Point.81,POINT (8.37242517078874 49.387298193474905),Stadtbücherei Schifferstadt,,Schifferstadt,Rehbachstrasse 2,67105,Mo;Mi;Do 15:00-18:00 Di 15:00-19:00 Mi 9:00-12:00 Fr 9:00-16:00,CC0-1.0
b64c35e766ed4a62aa07f5744c947c5e,MRN_Refill_4326_Point.82,POINT (8.35932316647811 49.62989347969643),City- und Touristenseelsorge,Refill Station,Worms,Domplatz 3,67547,Unbekannt,CC0-1.0
c46f390bcf994edbabed4c9730e5b612,MRN_Refill_4326_Point.83,POINT (8.43239098248649 49.317141915353545),Wonderpots Speyer GmbH,,Speyer,Roßmarktstraße 36,67346,Mo-Do 11:00-19:00 Fr;Sa 10:00-20:00 So;FT 12:00-19:00,CC0-1.0
9a1c108770ac48f7a478b94581e3a5ad,MRN_Refill_4326_Point.84,POINT (8.668829886554196 49.55065088325676),Stadtbibliothek Weinheim,,Weinheim,Luisenstraße 5/1,69469,Di;Mi;Fr 10:00-18:00 Do 10:00-19:00 Sa 10:00-14:00,CC0-1.0
70cbd785273d45b4bf5b1ccd3a4625c6,MRN_Refill_4326_Point.85,POINT (8.70420277524004 49.41192426691387),GOODsHOUSE,Kaufhaus für grünes Design (nachhaltige Kleidung. Accessoires. Haushaltsgegenstände. Wohntextilien) Im Hof. Durchgang neben Gino’s,Heidelberg, 113a,69117,Unbekannt,CC0-1.0
b6a4d7eb9345475cb49d17bbf2b98e2a,MRN_Refill_4326_Point.86,POINT (8.24199915316049 49.40224681487412),Scheune.Space,co-working Space,Meckenheim,Haßlocher Straße,67149,Mo-Fr 09:00-17:00,CC0-1.0
447dd289939c410cadd7abffeb549e20,MRN_Refill_4326_Point.87,POINT (8.1662864276051 49.46012959790422),Weltladen Bad Dürkheim,,Bad Dürkheim,Römerstr. 17,67098,Mo 14.00-18.00 Di-Fr 10.00-18.00 Sa 10.00-13.00,CC0-1.0
efd93cd7ff104c88a157ae2a3a161a04,MRN_Refill_4326_Point.88,POINT (8.471400778960158 49.45511424422968),Stadtökologisches Zentrum Mannheim,HHier werden Aspekte der Beschäftigungsförderung des Umweltschutzes und der Umweltpädagogik vereint. Stadtökologische Seminare Naturerlebnisangebote für Kinder sowie umweltpädagogische Kreativangebote für Groß und Klein sollen das Umweltverständnis durch Erlebnisorientierung fördern. Das durch die Stadt Mannheim geförderte Stadtökologische Zentrum liegt idyllisch direkt am Stollenwörthweiher in MA-Niederfeld.,68305,Alberichstraße 98b,Mannheim ,Unbekannt,CC0-1.0
3d47792547304358974ce8dc05fc407f,MRN_Refill_4326_Point.89,POINT (8.483593682052378 49.52418309614257),Stadtteilservice Nord,Der Stadtteilservice unterstützt in den Stadtteilen Waldhof - Gartenstadt - Luzenberg. Sandhofen und Vereine. Kirchengemeinden. Schulen und Kitas sowie sonstige gemeinnützige Einrichtungen und Einzelpersonen in ihrem bürgerschaftlichen Engagement.  Die Tätigkeiten sind vielfältig: Auf- und Umräumarbeiten Auf- und Abbau bei Schul- Stadtteil- und Vereins- oder Gemeindefesten Kehrarbeiten  Grünschnitt beseitigen auf nicht-öffentlichen Grünflächen und einiges mehr,Mannheim,Speckweg 6,68305,Unbekannt,CC0-1.0
c93d9290d0b14a64b1aa4ac338cc04c0,MRN_Refill_4326_Point.90,POINT (8.228974346178106 49.11093339282597),Müller Automobile e.K.,Schütze unsere Umwelt! ,Hatzenbühl,Im Gereut 35,76770,Mo-Fr 08:00-18:00 Sa 09:00-13:00,CC0-1.0
0a4a8310587f4dcc850501080fbbdd0f,MRN_Refill_4326_Point.91,POINT (8.463373933203227 49.49270335002463),Stadtteilservice Innenstadt-Jungbusch,Er unterstützt in den Stadtteilen Innenstadt und Jungbusch Vereine. Kirchengemeinden. Schulen und Kitas sowie sonstige gemeinnützige Einrichtungen und Einzelpersonen in ihrem bürgerschaftlichen Engagement.,Mannheim,H7 8,68159,Unbekannt,CC0-1.0
db209f3fc55b4c83a80ef2d0ce8f026b,MRN_Refill_4326_Point.92,POINT (8.463373933203227 49.49270335002463),Stadteilservice Innenstadt-Jungbusch,Der Stadtteilservice unterstützt in den Stadtteilen  Jungbusch Vereine. Kirchengemeinden. Schulen und Kitas sowie sonstige gemeinnützige Einrichtungen und Einzelpersonen in ihrem bürgerschaftlichen Engagement.  Die Tätigkeiten sind vielfältig: Auf- und Umräumarbeiten Auf- und Abbau bei Schul- Stadtteil- und Vereins- oder Gemeindefesten Kehrarbeiten  Grünschnitt beseitigen auf nicht-öffentlichen Grünflächen und einiges mehr  ,Mannheim ,H7 8,68159,Unbekannt,CC0-1.0
8bd4eb79f2d54a5b9a9dec6a1360c053,MRN_Refill_4326_Point.93,POINT (8.461492112121308 49.483683081103344),Campus Shop Universität Mannheim,Der Campus Shop verkauft Fanartikel der Universität Mannheim und bietet für die Pausen den Studierenden Kaffee. Snacks und Kaltgetränke an. ,68161,Schloss Bismarckstr. 40,Mannheim,Unbekannt,CC0-1.0
d050fad469fc44498254c0912f126c6f,MRN_Refill_4326_Point.94,POINT (8.650400009309127 49.30589998108609),lieber unverpackt Walldorf,Unverpackt Laden mit Bio-Lebensmitteln (Trockenprodukte. Molkereiprodukte. Obst & Gemüse). Drogerie- Hygiene- & Reinigungsprodukte sind im Sortiment. Eine Postfiliale ist im Laden integriert. HIS (Hilfe in Sicht) & Refill station,Walldorf,Sambugaweg 11,69190,Mo 14:00-18:00 Di-Fr 09:00-12:30;14:00-18:00 Sa 09:00-14:00,CC0-1.0
36b24b09f80d42f2a7644ee6329bb15b,MRN_Refill_4326_Point.95,POINT (8.530999966213013 49.329599979952725),ET SolarPower GmbH,Photovoltaikhersteller ,Hockenheim,Neckarauer Straße 2,68766,Mo-Fr 8:00-12:00;13:00-17:00,CC0-1.0
82c9bbfec4d1426896f81fb12e4df215,MRN_Refill_4326_Point.96,POINT (8.383800000131037 49.38739999168897),Senioren-Residenz Schifferstadt GmbH ,Alten-und Pflegeheim,Schifferstadt,Hans-Purrmann-Straße 31,67105,8:00-20:00,CC0-1.0
daff3df143534bb4a461d7db4a1225aa,MRN_Refill_4326_Point.97,POINT (8.169599961568416 49.461300004954126),Brunnen Apotheke ,Wir füllen Eure Trinkflaschen sehr gerne auf. Darüber hinaus beraten wir Euch rund um Eure Gesundheit.,Bad Dürkheim,Mannheimer Str. 16,67098,Mo-Fr 8:00-18:30 Sa 8:30-12:30,CC0-1.0
9475db7427844af9a571eb0ed984eab3,MRN_Refill_4326_Point.98,POINT (8.573799975483585 49.384199990604166),Schwetzinger Zeitungsverlag GmbH & Co. KG,Im Kundenforum der Schwetzinger Zeitung sind Durstige eingeladen ihre Trinkwasserflasche mit Leitungswasser aufzufüllen.,Schwetzingen,Carl-Theodor-Straße 2 ,68723,Mo-Fr 8:00-12:00; 13:00-17:00,CC0-1.0
9d205daa093549fda81aff0206f3216a,MRN_Refill_4326_Point.99,POINT (8.361272378061559 49.62781740800842),Frollein Elfriede,,Worms,Kleine Wollgasse 7,67547,Do 12:00-18:00 Fr 9:30-18:00 Sa 9:30-13:00,CC0-1.0
91119b7f9ff1410581e10e179291bfec,MRN_Refill_4326_Point.100,POINT (8.36575476842269 49.6282608106864),e-motion ebike-welt Worms,,Worms,Hagenstraße 42,67547,Mo;Di;Do;Fr 10:00-18:30 Sa 10:00-15:00,CC0-1.0
fb708e25f1794332833b9f34532873b5,MRN_Refill_4326_Point.101,POINT (8.476599989680853 49.485900010674214),Dorint Kongresshotel Mannheim,Refill-Station in City-Lage am Wasserturm. Das Team des City- und Tagungshotels bietet gerne die Auffüllung von Trinkwasser in eigene Flaschen an! Bitte meldet euch dafür an der Rezeption.,Mannheim,Friedrichsring 6,68161,Unbekannt,CC0-1.0
3655a2e70b184f88828144c2a83cc069,MRN_Refill_4326_Point.102,POINT (8.435599994117208 49.47259998390106),Stadtverwaltung Ludwigshafen. Büro Sozialer Zusammenhalt  Dichterquartier,Stadtverwaltung Ludwigshafen Büro Sozialer Zusammenhalt Dichterquartier,Ludwigshafen,Georg-Herwegh-Straße 41,67061,Mo-Do 9:00-12:00 Do 14:00-16:00,CC0-1.0
b0cad2c4e6434b4c8910c689e350e0d0,MRN_Refill_4326_Point.103,POINT (8.371199988001585 49.219599989810774),pit Reisebüro,Reisebüro  ,Germersheim,Sandstrasse 15,76726,Unbekannt,CC0-1.0
cae0906ba13841d4b0a622deb257fbdc,MRN_Refill_4326_Point.104,POINT (8.672299994468828 49.550999989524016),Unverpackt Laden,Unverpackt Laden,Weinheim,Hauptstraße 66,69469,Unbekannt,CC0-1.0
14acb2117e074f02a74517edec10499d,MRN_Refill_4326_Point.105,POINT (8.486031223314829 49.4587799019454),Jugendtreff Neckarau,Jugendtreff   Fr;So* Nach Aushang,Mannheim,Heinrich-Heine-Straße 2,68199,Mo;Mi 14:00-18:00 Di;Do 14:00-20:00,CC0-1.0
d606cf26117941e29884dfebe0f32db5,MRN_Refill_4326_Point.106,POINT (8.675099969224584 49.404300003966455),Bahnhofsmission Heidelberg,Refill-Station & offene Anlaufstelle für alle Menschen am Bahnhof. Begegnungort. Aufenthalt. Gesprächsangebot. Fairer Kaffee. Hilfe in Notlagen und Weitervermittlung. Unterstützung für Reisende.,Heidelberg,Willy-Brandt-Platz 5,69115,Mo-Fr 8:00-18:00  Sa-So 10:00-18:00,CC0-1.0
acf06b15f9b44393b21bddcdd6285772,MRN_Refill_4326_Point.107,POINT (8.36590002680472 49.63640001585539),AWO Haus der Generationen Remyerhof,AWO Seniorenzentrum mit angeschlossenem Kindergarten und Quaritersbüro* das mit  interkultureller Begegnung und Beratung für alle Menschen offen steht. *Gefördert von der Glücksspirale,Worms,Remeyerhofstraße 19,67547,8:00-18:00,CC0-1.0
46b6bcc9920c4bef9722f6946d48d9ff,MRN_Refill_4326_Point.108,POINT (8.70350003647781 49.37479997955952),Refill-Station im Stadtteilbüro Boxberg,Das Stadtteilbüro Bergstation wird vom Internationaler Bund (IB) freien Träger für Jugend- Sozial- und Bildungsarbeit im Auftrag der Stadt Heidelberg ausgeführt.  Wir füllen gerne und kostenlos ein mitgebrachtes Gefäß mit Trinkwasser auf.,Heidelberg,Boxbergring 16,69126,Mo 13:30-17:00 Di;Fr 10:00-13:30 Do 15:00-19:00,CC0-1.0
eb60a3c5e7a444e7aa05ae968839940f,MRN_Refill_4326_Point.109,POINT (8.694499967943178 49.408700000219376),Bloom's Friseur,,Heidelberg,Plöck 2/2,69117,Mo-Mi 9:00-20:00 Do-Fr 9:00-21:00 Sa 9:00-19:00,CC0-1.0
b261dbc6a1bb449d868e3dba6cdc1c07,MRN_Refill_4326_Point.110,POINT (8.475700024736906 49.484199993072174),Öffentlicher Trinkbrunnen / Wasserturm,Jugenstil-Trinkbrunnen am Wassertur,Mannheim,Friedrichsplatz,68165,Unbekannt,CC0-1.0
f2948e272e1040d8be8493d06e29f56e,MRN_Refill_4326_Point.111,POINT (8.352629210964139 49.534276583946436),Weltladen Frankenthal,,Frankenthal,Sterngasse 14,67227,Mo-Fr 10:00-18:00 Sa 10.00-14.00,CC0-1.0
74cee87eacd345308f196cac46a909e1,MRN_Refill_4326_Point.112,POINT (8.361700525675761 49.63167061080768),Weltladen Worms,,Worms,Obermarkt 4,67547,Mo-Fr 10:00-18:00 Sa 10:00-16:00,CC0-1.0
85d7b469960649f1807cfa0ba24912ea,MRN_Refill_4326_Point.113,POINT (8.33110004120092 49.61300000530342),Jugendtreff Eisbachtal ,Jugendtreff im Eisbachtal mit Tischkicker. Billiard. Musik und Projekte ,Worms Horchheim,Höhlchenstraße 43,67551,Di;Do;Fr 17:00-20:00,CC0-1.0
b4acf332f6ab4cc8a21212eb9f98b17a,MRN_Refill_4326_Point.114,POINT (8.266700035085297 49.35800000529643),Dorf Apotheke,Refill-Apotheke,Haßloch,Schmähgasse 72,67454,Mo-Fr 8:15-12:15 Mo-Di 14:30-18:30 Do-Fr 14:30-18:30 Sa 9:15-12:15 ,CC0-1.0
3dea69d6da244d1c92e998e8db069111,MRN_Refill_4326_Point.115,POINT (8.265999978532083 49.482099991050596),Haardt-Apotheke,Refill-Apotheke,Birkenheide,Waldstr. 30,67134,Mo-Sa 8:00-12:30 Mo;Di;Do;Fr 14:30-18:30,CC0-1.0
8b1571ffbc7b4736be0b19061a910ae8,MRN_Refill_4326_Point.116,POINT (8.688600030117016 49.34879998646155),Central Apotheke,Wir füllen gerne Ihre mitgebrachten Flaschen zu unseren Öffnungszeiten auf!,Leimen,St. Ilgener Str. 1,69181,Mo-Sa 8:30-13:00 Mo-Fr 15:00-18:30,CC0-1.0
a746b2da388841efadd37de1c3242f39,MRN_Refill_4326_Point.117,POINT (8.608299972772738 49.47129999262807),Stadtbibliothek Ladenburg,Barrierefreier Zugang aus Richtung Dalberg-Schule/Museum.,Ladenburg,Hauptstraße 8,68526,Di;Do 8:00-15:00 Mi;Fr 12:00-18:00 Sa 10:00-13:00,CC0-1.0
10ae9fffcf734dbebc2b71ba8e75b3ad,MRN_Refill_4326_Point.118,POINT (8.385999998257496 49.39189998404677),Wasserversorgung Pfälzische Mittelrheingruppe,Wasserbar im Foyer des Verwaltungsgebäudes. Wassersprudler oder Trinkwasserhahn steht zur Verfügung. ,Schifferstadt,Am Wasserturm 2,67105,Mo-Do 8:15-11:45;13:15-15:45 Fr 8:15-12.00,CC0-1.0
b9a1d05569014d109bb607eb702398a1,MRN_Refill_4326_Point.119,POINT (8.37359997833781 49.38649998483551),Apotheke am Schillerplatz,Wir sorgen für Ihre Gesundheit und halten Sie hydriert!,Schifferstadt,Schillerplatz 4,67105,Mo-Sa 8:30-12:30 Mo;Di;So;Fr 14:30-18:30,CC0-1.0
50768d6c5b4c406d80c88523cfb81300,MRN_Refill_4326_Point.120,POINT (8.36038766818139 49.63173100242006),Lotte & Klara,,Worms,Rotkreuzgasse 4,67547,Mo;Di;Do;Fr 9:00-18:00 Sa 9:00-14:00 Sa 10:00-15:00,CC0-1.0
a9090dd69a114e13b7121b10b31bdf58,MRN_Refill_4326_Point.121,POINT (8.351256590500128 49.640050250869265),SPD - Regionalgeschäftsstelle,,Worms,Bebelstraße 55a,67549,Mo-Do 8:00-16:00 Fr 8:00-13:00,CC0-1.0
ced4fc7b4b9b4855a4e16adc22e7774f,MRN_Refill_4326_Point.122,POINT (8.389400033461582 49.39579999977527),Taxi Ottenberg,Funk-Taxi Ottenberg ist der älteste Taxen- und Busbetrieb in Eckernförde.,Eckernförde,Rosseer Weg 7-9,24340,Unbekannt,CC0-1.0
e10ca451e43147fa8378f332a0528641,MRN_Refill_4326_Point.123,POINT (8.371699968526 49.218599986852425),Blumen Kronenberg,Blumenladen,Germersheim,Oberamtsstraße 4,76726,Unbekannt,CC0-1.0
d00a479620754c1a9adba637c6c03412,MRN_Refill_4326_Point.124,POINT (8.44400000220351 49.47750000258791),Verbraucherzentrale Rheinland-Pfalz e.V. Beratungsstelle Ludwigshafen,Die Verbraucherzentrale ist eine Organisation die Verbraucher bei Fragen und Anliegen unterstützt. Sie setzt sich aktiv für Verbraucherinteressen ein und engagiert sich für faire Geschäftspraktiken und den Schutz der Verbraucherrechte.,Ludwigshafen,Wredestraße 33,67059,Mo;Mi 10:00-15:00 Do 10:00-13:00;14:00-18:00,CC0-1.0
3bbcaf817d1f43aeb3e86c043dd0c7c2,MRN_Refill_4326_Point.125,POINT (8.37260001728898 49.22000001613982),optiMaXX,Brillengeschäft,Germersheim,Marktstraße 17,76726,Unbekannt,CC0-1.0
04f2b4db1ca748e4a87bb6540086d84c,MRN_Refill_4326_Point.126,POINT (8.372400025079212 49.22000001613982),Boehm Dessous und Mode zum Wohlfühlen,Dessousgeschäft,Germersheim,Marktstraße 15,76726,Unbekannt,CC0-1.0
682f122f418e4056bcc45beee5710aee,MRN_Refill_4326_Point.127,POINT (8.571000000727828 49.388299998542436),Klein Wohlig Café ,Wir sind ein Frühstückscafé mit selbstgemachten Kuchen. Besonders Frühstück und Mittagessen bereiten wir für euch zu. Vegan und glutenfrei. ,Schwetzingen ,Mannheimerstr 43-45,68723,Mo-Fr 7:00-14:00 Sa;So 9:00-14:00,CC0-1.0
3fcdff8cdc5247009ad91dce5312ecf1,MRN_Refill_4326_Point.128,POINT (8.29450004189019 49.48129998030201),Kreativ Treff,Der etwas andere Blumenladen Floristik mitten aus der Natur Workshops für Hand und Herz Handgemachte Unikate für Dich und Deine Lieben,Maxdorf,Maxstraße 42,67133,Di-Fr 13:30-18:00 Sa 9:00-13:00,CC0-1.0
7313c241156640df860d162575df78dd,MRN_Refill_4326_Point.129,POINT (8.574400035931916 49.38549998187716),Salamander Schwetzingen ,Refill Leitungswasser,Schwetzingen ,Mannheimerstrasse 10,68723,Mo-Fr 9:30-18:30 Sa 9:30-16:00,CC0-1.0
4b47bbe2bd1d4f97a791d10f08057392,MRN_Refill_4326_Point.130,POINT (8.694699960152944 49.40940001486307),refill Staion,Im Stadtteilbüro Boxberg können Sie mitgebrachte Gefäße kostenlos mit Trinkwasser auffüllen.,Heidelberg,Boxbergring 16,6911769126,Unbekannt,CC0-1.0
8fc8b0d3f8a54095b76b7c91e0d7202e,MRN_Refill_4326_Point.131,POINT (8.448599990666192 49.327800008155315),M. Wittmer Antiquitäten,Kunst und Antiquitäten im Industriehof und gerne ab sofort auch Refill-Station,Speyer,Franz-Kirrmeier-Straße 19,67346,Unbekannt,CC0-1.0
ba6b2111a7c84391a9779d2126e74486,MRN_Refill_4326_Point.132,POINT (8.256999993816484 49.363000020088165),Apotheke am Rathaus,Refill-Apotheke,Haßloch,Rathausplatz 4,67454,Mo-Fr 08:00-13:00;14:00-18:30 Sa 08:00-12:30,CC0-1.0
c27311e6a82a425489cc47c98663d63b,MRN_Refill_4326_Point.133,POINT (8.696199985545222 49.29589999341215),Stadtbibliothek Wiesloch,Öffentliche Bibliothek,Wiesloch,Gerbersruhstr. 41,69168,Di 10:00-13:00 Di-Do 14:00-18:00 Fr 10:00-16:00 Sa 10:00-14:00,CC0-1.0
bf5faadac16a44578740e30e9d2c2322,MRN_Refill_4326_Point.134,POINT (8.37139998021135 49.217100003369666),Brillen Hammer,brillenhammer steht für High-End-Technologie. Präzisonsarbeit aus Meisterhand und intensiver Beratung und Betreuung. Für Sie ist uns das Beste gerade gut genug.,Germersheim,Ludwigstr. 12,76726,Unbekannt,CC0-1.0
2561c892bb174977b82d3e1fce9e986a,MRN_Refill_4326_Point.135,POINT (8.698499979776564 49.2956000050975),HESSEL APOTHEKE,Apotheke barrierefrei. Eigener Brunnen zum eigenen Befüllen,Wiesloch,Hesselgasse 46,69168,Mo-Fr 8:00-19:00 Sa 9:00-14:00,CC0-1.0
3f82fe31ca8743aca6fbce86d36f7aa6,MRN_Refill_4326_Point.136,POINT (8.653499972379533 49.590300009395136),Bücherei Hemsbach,Bücherei für Alle,Hemsbach,Bachgasse 60,69502,Di 9:00-11:30 Mi 15:00-18:00 Do 9:00-11:00;14:00-18:00,CC0-1.0
1347a9ebf6a2491cbd5b94c696a0848d,MRN_Refill_4326_Point.137,POINT (8.155600003970601 49.51410000189864),Reiseberatung Stefanie Carcereri-Dhom,Reisebüro mit Terminvereinbarung. Man bekommt hier seine Flasche befüllt.,Weisenheim am Berg,Hauptstraße 19,67273,nach Vereinbarung,CC0-1.0
ab27d81bbc48432ebad086f03022b3ea,MRN_Refill_4326_Point.138,POINT (8.437699996138782 49.3169000136279),Cupcake-Fee ,Das kleine gemütliche Café für eine süße Auszeit. ,Speyer,Grasgasse 4,67346,Mi-Sa 12:00-17:00,CC0-1.0
674d4e392f02407a8dfc6c481101d73e,MRN_Refill_4326_Point.139,POINT (8.70319996434413 49.37479997955952),Refill-Station in der Boxberg Apothekte,Wir machen mit und füllen gerne sowie kostenlos ein mitgebrachtes Gefäß mit Trinkwasser auf.,Heidelberg,Boxbergring 16,69126,Mo-Fr 08:30-13:00;15:00-18:30 Sa 08:30-13:00,CC0-1.0
acd4f867c876471b98e3805c225023fc,MRN_Refill_4326_Point.140,POINT (8.704699989736406 49.37710001570038),Refill-Station im Holzwurm (Kinder- und Jugenzentrum),Im Holzwurm ist immer was los und für Kinder und Jugendliche jede Menge geboten. Gerne füllen wir ein mitgebrachtes Gefäß mit Trinkwasser auf. ,Heidelberg,Am Waldrand 21,69126,Mo 17:00-18:30 Di;Do 14:00-19:30 Mi;Fr 13:00-19:30,CC0-1.0
5d7dff3aebe9458280853190c5190547,MRN_Refill_4326_Point.141,POINT (8.433629660137756 49.31833688137976),Kaufladen - Speyer unverpackt,Unverpackt einkaufen,Speyer,Große Greifengasse 1,67346,Mo-Fr 10:00-18:00  Sa 10:00-15:00,CC0-1.0
d52481f6be0141de8d0d6adbbcd50499,MRN_Refill_4326_Point.142,POINT (8.64530004032203 49.3040000131838),KVM Kadel Versicherungsmakler,Grander-Wasser schmeckt wie frisches Quellwasser und macht Wassertrinken für euch zum erfrischenden Trinkvergnügen.,Walldorf,Hebelstr. 2,69190,Mo-Fr 09:00-12:00 Di;Do 15:00-17:00,CC0-1.0
1534fbe0911c454b93c91113879e2bdd,MRN_Refill_4326_Point.143,POINT (8.475500032527139 49.48390000475752),Öffentlicher Trinkbrunnen / Wasserturm,Jugenstil-Trinkbrunnen am Wasserturm Betreibssaison: Mai-Oktober,Mannheim,Friedrichsplatz,68165,Mai-Oktober,CC0-1.0
ea32cd9990ee42949655d1a26e3c39c2,MRN_Refill_4326_Point.144,POINT (8.467600004965254 49.48949999617855),Öffentlicher Trinkbrunnen / Marktplatz,Granitsäule in der Nähe der Straßenbahnhaltestelle. Betriebssaison: Mai-Oktober,Mannheim,Unbekannt,68159,Mai-Oktober,CC0-1.0
4dd16cc6ea974e319908c71fec457b50,MRN_Refill_4326_Point.145,POINT (8.465799991258327 49.48739999415697),Öffentlicher Trinkbrunnen / Paradeplatz ,Granitsäule in  der Nähe der Haltestelle Kurpfalzstraße. Betriebssaison: Mai-Oktober,Mannheim,Paradeplatz,68161,Mai-Oktober,CC0-1.0
e9656b5d29f44652bf8802abfa4b4476,MRN_Refill_4326_Point.146,POINT (8.51349997730623 49.50019999849619),"Öffentlicher Trinkbrunnen / BUGA Spielplatz ""Aufzug""",Edelstahlsäule,Mannheim,Radschnellweg Mannheim - Weinheim,68259,Mai-Oktober,CC0-1.0
55a8232891394fb498c7378a6d7df061,MRN_Refill_4326_Point.147,POINT (8.515499983222922 49.502200004412884),"Öffentlicher Trinkbrunnen / BUGA Spielplatz ""Vernetzung""",Edelstahlsäule,Mannheim,Kurpfälzer Meile der Innovationen (Dominic-Spinelli-Weg),68259,Mai-Oktober,CC0-1.0
79d353fd562b49a3b41d4c08319bdc17,MRN_Refill_4326_Point.148,POINT (8.620300008272892 49.70240000155866),Hörgeräte Henning,Bei uns kann man zu unseren Öffnungszeiten gerne Leitungswasser auffüllen :),Auerbach,Neuer Weg 2,64625,Mo-Fr 09:00-12:30;14:30-18:30,CC0-1.0
3420876881214fdcb38db7e26602b982,MRN_Refill_4326_Point.149,POINT (8.620880455067791 49.67950571313477),KV Bergstraße von Bündnis 90/ Die Grünen,                   ,Bensheim,Gerbergasse 9,64625,Mo-Do 9:00-13:00 Fr 10:00-12:00,CC0-1.0
866bdf7239434d99a072d597f0811b94,MRN_Refill_4326_Point.150,POINT (8.545048538849246 49.67252970657895),Gemeindeverwaltung Einhausen,                             ,Einhausen,Marktplatz 5,64683,Mo;Di 08:00-16:00 Do 07:00-19:00 Fr 08:00-12:00 Sa* 08:00-12:00 1.2.Sa,CC0-1.0
657607b9927449fa8461319a7f6bb1c9,MRN_Refill_4326_Point.151,POINT (8.620699908873393 49.68219710033489),Der Amerikanische Freund - Craft Beer Pub,                     ,Bensheim,Dalbergergasse 15,64625,Mi;Do 18:00-22:00 Fr-Sa 18:00-24:00,CC0-1.0
df9f76c59fc248bbbe8f0585f17fa867,MRN_Refill_4326_Point.152,POINT (8.581400014730823 49.538400019304085),Brundtlandbüro der Stadt Viernheim,Hier befindet sich eine Refill-Station. Eine mitgebrachte Flasche kann hier kostenfrei mit Leitungswasser aufgefüllt werden.,Viernheim,Wasserstraße 20,68519,Mo-Fr 8:30-12 Mi 14:00-17:30,CC0-1.0
bbe99e09931a417c861ce8fdc1a0c1cf,MRN_Refill_4326_Point.153,POINT (8.577300006792555 49.53770000466039),Seniorenbegegnungstätte SBS 55+,Seniorenbegegnungstätte SBS 55+ ,Viernheim,Am Schillerpl. 1a,68519,Unbekannt,CC0-1.0
5594a81d9aee430091dfc5257c341bb6,MRN_Refill_4326_Point.154,POINT (8.699474711296835 49.56167840844098),Die Brille,                 ,Birkenau,Hauptstraße 25,69488,Mo-Fr 9:00-13:00;14:00-18:00 Sa 9:00-13:00,CC0-1.0
e6eba7f7c31f4adbb170b9c9fb6fddbc,MRN_Refill_4326_Point.155,POINT (8.642999962271658 49.64249998780084),Weltladen Heppenheim,Hier befindet sich eine Refill-Station. Eine mitgebrachte Flasche kann hier kostenfrei mit Leitungswasser aufgefüllt werden.,Heppenheim,Marktstr. 17,64646,Mo;Di;Do;Fr 10:00-18:00 Mi;Sa 10:00-14:00,CC0-1.0
121e2ae0d82d4313902824f7c8e551cf,MRN_Refill_4326_Point.156,POINT (8.569299983125786 49.53670000170204),Volkshochschule Viernheim,Hier befindet sich eine Refill-Station. Eine mitgebrachte Flasche kann hier kostenfrei mit Leitungswasser aufgefüllt werden.,Viernheim,Kreuzstraße 2-4,68519,Mo-Fr 09:00-12:00 Mo;Di 14:00-16:00 Mi 14:00-18:00 Do 14:00-15:00,CC0-1.0
541c351ff40146138ea88abd19c1d688,MRN_Refill_4326_Point.157,POINT (8.611022247286058 49.703050730611686),physio³ ,Therapie und Trainingszentrum,Bensheim,161c Berliner Ring,64625,Mo-Fr 7:30-22:00 Sa;So 9:00-16:00,CC0-1.0
2c1bad6d50044a21b61b1b8c6f2750ce,MRN_Refill_4326_Point.158,POINT (8.610930213989192 49.700251552136734),Tupperware Bezirkshandlung Bergstraße, -                                 ,Bensheim,Berliner Ring 143,64625,Mo 9:00-20:00 Di;Mi 9:00-14:00,CC0-1.0
3c6eaec373e64d75ab44768035931c15,MRN_Refill_4326_Point.159,POINT (8.759387297909422 49.62346761935552),Gaststätte Krumm Stubb, -                                            ,Rimbach,Rathausstr. 7,64668,Mi-Sa 17:30-24:00 So;FT 17:00-24:00,CC0-1.0
2388975333d745c19e9e0894b3c45154,MRN_Refill_4326_Point.160,POINT (8.581100026416173 49.5381999851848),Stadtbücherei Viernheim,Hier befindet sich eine Refill-Station. Eine mitgebrachte Flasche kann hier kostenfrei mit Leitungswasser aufgefüllt werden.,Viernheim,Satonévri-Platz,68519,Di 10:00-17:00 Mi 14:00-17:00 Do 10:00-13:00;15:00-19:00 Fr 14:00-17:00 Sa 10:00-12:00,CC0-1.0
d0a4e9154cd74ed0958f21dc96c0a64e,MRN_Refill_4326_Point.161,POINT (8.580599962072727 49.53459999968047),Museum und Archiv Viernheim,Museum und Archiv Viernheim,Viernheim,Berliner Ring 28,68519,So 14:00-17:00 Do 16:00-18:00* Oktober-Ostern,CC0-1.0
646fcfd42d1d49288bd5ec184b540646,MRN_Refill_4326_Point.162,POINT (8.640699968040316 49.301900011162225),Stadtbücherei Walldorf,Mehr als 0 Medien. Bücher. CDs. Zeitschriften. DVDs. Ausleihe von über 0 digitalen Medien. WLAN in der Stadtbücherei. Internetnutzung an sechs Arbeitsplätzen. Veranstaltungen und Aktionen für Klein und Groß.,Walldorf,Hirschstraße 15,69190,43.00 60.00,CC0-1.0
0d38733c37914925a3bf3dd20b391d12,MRN_Refill_4326_Point.163,POINT (8.640699968040316 49.31290000179452),AQWA Bäderpark  Eingang Sauna,Im AQWA Bäderpark kann man es sich gut gehen lassen! Egal ob im Hallenbad oder im Freien auf dem Gelände mit Kinderbereich. Badesee und Minigolf  ob im Saunabereich oder in der Salzlounge - für die ganze Familie gibt es das passende Angebot.,Walldorf, Schwetzinger Str. 88. Eingang Sauna,69190,Mo-So 10:00-22:00,CC0-1.0
52abd0fc28a04b1e867481579b566484,MRN_Refill_4326_Point.164,POINT (8.656600019268971 49.29330001086616),Tari-Bikes,Fahrradladen mit Werkstatt. refill refill-station,Walldorf,Wieslocher Straße 34,69190,Mo-Fr 10:00-19:00 Sa 10:00-14:00,CC0-1.0
131c11af107749868b5e603ff84b5473,MRN_Refill_4326_Point.165,POINT (8.64400000713952 49.30039998576995),Hotel Vorfelder,Südlich von Heidelberg. Im Herzen von Walldorf gelegen. bietet Ihnen unser Vier-Sterne-First-Class-Hotel den Komfort eines privat geführten Hauses mit einer über die Grenzen Walldorfs hinaus bekannten Küche. ,Walldorf,Bahnhofstraße 28,69190,07:00-22:00,CC0-1.0
be6e6025bfaf4f1ca414b8f08f0af8aa,MRN_Refill_4326_Point.166,POINT (8.64370001882487 49.303200002435226),fitbox Walldorf Drehscheibe,Fitnessstudio für EMS Training,Walldorf,Johann-Jakob-Astor-Straße 6,69190,Mo-Fr 9:00-20:00 Sa 9:00-16:00,CC0-1.0
1ca7fea77c7247279709340fc44906d0,MRN_Refill_4326_Point.167,POINT (8.64180000901306 49.302900014120574),Stadt-Apotheke,Moderne qualitäts- und serviceorientierte Apotheke mit Spezialisierung auf Homöopathie und Naturkosmetik.,Walldorf,Hauptstraße 8,69190,Mo-Fr 8:00-13:00;14:00-18:30 Sa 08:00-13:00,CC0-1.0
8a2230d447c64e3f8c5be692b899e814,MRN_Refill_4326_Point.168,POINT (8.643200038300455 49.30249998779153),JUMP (Jugendkulturhaus mit Pep),JUGENDTREFF. KONZERTE. KINO. DISCO. KURSE. CAFÉ. WLAN. WERKSTATT. PROBERAUM. MEDIENRAUM UND MEHR  für Kinder Jugendliche und Erwachsene,Walldorf,Bahnhofstraße 5,69190,Mo-Fr 9:00-20:00,CC0-1.0
f1670620f3544ab184c323bd20578fd2,MRN_Refill_4326_Point.169,POINT (8.645099964293232 49.30379997906452),Fachwerk; Kunst-Kitsch-Design,Nähkurse. Nähgeburtstage. Stoffe. Selbstgemachtes. Außergewöhnliche Geschenkideen für Erwachsene und Kinder sowie Kleidung aus fairem Handel bzw. biologischem Anbau,Walldorf,Nußlocher Straße 11,69190,nach Vereinbarung,CC0-1.0
e1169eee262a40cba4eb720ab11226ff,MRN_Refill_4326_Point.170,POINT (8.654200028932747 49.292599996222464),Gröner Bettenfachgeschäft,Fachgeschäft für Wasserbetten. Luftbetten. Matratzen. Boxspringbetten. Bettwaren aller Art und Zubehör. Pflegemittel. Verkauf von Möbeln aus eigener Fertigung,Walldorf,Kleinfeldweg 52,69190,Mo;Di;Do 12:00-18:00 Do 12:00-20:00 Sa 10:00-14:00,CC0-1.0
f46322e319e14410bd06025d6602afc4,MRN_Refill_4326_Point.171,POINT (8.642699973957008 49.30300001022545),Central Apotheke Walldorf,Kompetenter Service rund um die Gesundheit.  Seit 1973 ist die Central Apotheke Walldorf Ihre zuverlässige Apotheke in Walldorf.  Beratung rund um Ihre Medikamente. Kosmetik und Pflegeprodukte. Serviceleistungen.,Walldorf,Hauptstraße 1,69190,Mo-Fr 08:00-19:00 Sa 8:00-14:00,CC0-1.0
d7f933bfe4884135b98a63e3eb38475b,MRN_Refill_4326_Point.172,POINT (8.647800026763138 49.304699985917985),Astoria Apotheke Walldorf,Kompetenter Service rund um die Gesundheit. Beratung rund um Ihre Medikamente mit großem Lager. Kosmetik und Pflegeprodukte. Serviceleistungen.,Walldorf,Nußlocher Str. 26a,69190,Mo-Fr 08:00-13:00;14:00-18:00,CC0-1.0
aed13856ae2d4307b1efc9f41346c8fa,MRN_Refill_4326_Point.173,POINT (8.468183720702392 49.475612900906995),grünkern,Der Mannheimer Unverpacktladen mit biologisch produziertem und veganem Lebensmittel- und Non-Food Sortiment. Wir verbinden ökologisches und soziales Bewusstsein mit Gelassenheit.,Mannheim,Meerfeldstraße 24,68163,Mo;Di;Do;Fr 10:00-19:00 Sa 10:00-16:00,CC0-1.0
b3a0d264295b49d19a07f6765b6e502e,MRN_Refill_4326_Point.174,POINT (8.726299986581457 49.247699984930314),Bücherei Mühlhausen ,Öffentliche Bücherei im Bürgerhaus Mühlhausen ,Mühlhausen ,Schulstr. 6 / Bürgerhaus,69242,Mo 9.30-11.30 Di; Mi; Do 15.30-18.30 * Ferienöffnungszeiten,CC0-1.0
349504b4e7984d28bb05e95e8be0242b,MRN_Refill_4326_Point.175,POINT (8.353766132310856 49.44188361961482),ReiseCenter Mutterstadt,,Mutterstadt,Neustadter Str. 8,67112,Mo-Fr 9:30-12:30;14:30-18:00,CC0-1.0
ac37cec7b4f44bfa92b27671d140b21b,MRN_Refill_4326_Point.176,POINT (8.433940712564597 49.317871685753516),chamäleon - Hermann & Kurtz GbR,,Speyer,Wormser Straße 52,67346,Mo-Fr 11:00-18:00 Sa 11:00-16:00,CC0-1.0
3857465138ca4751b5c3bf0f37c5a7a9,MRN_Refill_4326_Point.177,POINT (8.468844214672616 49.48748230444616),STA Travel Mannheim,Wir sind barrierefrei,Mannheim,P3 6,68161,Mo-Fr 10:00-19:00 Sa 10:00-16:00,CC0-1.0
157f5fd9abeb4b0da08f479dc23eb7d2,MRN_Refill_4326_Point.178,POINT (8.70626246030734 49.41175369518425),Starbucks Hauptstraße 137,,Heidelberg,Hauptstraße 137,69117,Mo-Do 07:30-21:00 Fr;Sa 07:30-22:00 So 09:00-20:00,CC0-1.0
f51f03bf784348039424566b153e897a,MRN_Refill_4326_Point.179,POINT (8.605507709367902 49.51204735763001),Starbucks Rhein Neckar Zentrum,,Viernheim,Robert-Schumann-Straße 2,68519,Mo-Sa 08:30-20:15,CC0-1.0
f0f71f729f6940caa48afcfbf7ae8e44,MRN_Refill_4326_Point.180,POINT (8.69437206010072 49.41030840361971),Starbucks SOF Heidelberg,,Heidelberg,Hauptstr. 9-13,69117,Mo-Sa 9:30-20:00,CC0-1.0
83461e1e0e3145e89ab4e612829956c3,MRN_Refill_4326_Point.181,POINT (8.472515739720555 49.48471296554651),Starbucks Am Wasserturm,Caffee-Haus Kette die in der EU keine Steuern zahlt,Mannheim,O7 18A,68161,Unbekannt,CC0-1.0
