,text,embeddings,distances
93,"June 22 – A 6.2 earthquake strikes the Durand Line between Afghanistan and Pakistan, killing at least 1,163 people.","[-0.00170658 -0.0026652   0.00212138 ...  0.00606202 -0.0001972
 -0.02000205]",0.1785170167837673
171,"November 21 – A 5.6 earthquake strikes near Cianjur in West Java, Indonesia, killing 635 people and injuring 7,700 more.","[ 0.00412454 -0.00410186  0.02371693 ... -0.00300836  0.00035863
 -0.01351735]",0.18060796432863857
109,July 27 – A 7.0 earthquake strikes the island of Luzon in the Philippines killing 11 people and injuring over 600.,"[ 0.00206616  0.00391398  0.00789859 ...  0.00774447  0.00162467
 -0.03110632]",0.1898083614139795
126,"September 5 – A 6.8 earthquake strikes Luding County in Sichuan province, China, killing 117 and injuring 424.","[ 0.01268387  0.0163437   0.01471858 ...  0.0027779  -0.00362679
 -0.03004492]",0.20156833753277748
119,August 17 – Turkey and Israel agree to restore full diplomatic relations after a period of tensions.,"[-0.01070248 -0.01435223 -0.00373093 ...  0.01594981  0.00661112
 -0.0212361 ]",0.21697775148051746
2," – 2022 was also dominated by wars and armed conflicts. While escalations into the internal conflict in Myanmar and the Tigray War dominated the heightening of tensions within their regions and each caused over 10,000 deaths, 2022 was most notable for the Russian invasion of Ukraine, the largest armed conflict in Europe since World War II. The invasion caused the displacement of 15.7 million Ukrainians (8 million internally displaced persons and 7.7 million refugees), and led to international condemnations and sanctions and nuclear threats, the withdrawal of hundreds of companies from Russia, and the exclusion of Russia from major sporting events.","[-0.00961533 -0.01531821  0.01078243 ... -0.0018236   0.00818961
 -0.00841507]",0.217292355804789
122,"August 28 – 2022 Pakistan floods: Pakistan declares a ""climate catastrophe"" and appeals for international assistance, as the death toll from recent flooding in the country exceeds 1,000, the world's deadliest flood since 2017. Several nations, alongside the UN, pledge millions in funding for aid.","[-0.01193279 -0.02287706 -0.00465372 ... -0.00143222 -0.00763211
 -0.01071319]",0.22043051854636997
130,"September 12 – September 2022 Armenia–Azerbaijan clashes: Azerbaijan attacks Armenian positions near the cities of Vardenis, Goris, Sotk and Jermuk, and occupies certain areas of its territory along the Armenia–Azerbaijan border. Over the next few days, more than 100 Armenian soldiers are killed in the clashes, while Azerbaijan acknowledges 71 fatalities among its forces.","[-0.01292109 -0.0087267  -0.0056389  ... -0.0064738   0.02024966
 -0.01543904]",0.22181114488353748
141,"September 27–September 30 – Hurricane Ian impacts Cuba and the United States, causing catastrophic damage to both nations, killing at least 157 people, 16 missing, and leaving millions without power, including the entire nation of Cuba.","[-0.02687436 -0.01809001  0.0071552  ... -0.01462319  0.00076896
 -0.01842887]",0.22528136384458974
20,"February 5 – Cyclone Batsirai kills a total of 123 people across Madagascar, Mauritius, and Réunion two weeks after Tropical Storm Ana killed 115 people in the same region.","[-0.0213629  -0.00407255  0.00193658 ...  0.00389932 -0.01149204
 -0.01528349]",0.22633539429117622
157,"October 30 – The collapse of a suspension bridge in Gujarat, India, leaves at least 135 dead.","[ 0.00846833  0.02339797  0.01530514 ... -0.01216513  0.01597847
 -0.01957815]",0.22666050434415985
154,"October 29 – A double car bombing by al-Shabaab in Mogadishu, Somalia kills at least 121 people and injures around 300.","[-0.01762406 -0.00501196  0.00924393 ... -0.01021087  0.00224652
  0.00375172]",0.22743117529762347
131,September 14–September 20 – 2022 Kyrgyzstan–Tajikistan clashes: Dozens are killed as sporadic clashes occur between Kyrgyz and Tajik troops along their countries' respective border.,"[-0.02258487 -0.01492611  0.01761385 ... -0.01322344  0.0258206
 -0.00640622]",0.2278576043406696
48,"March 12 – 2022 Turkmenistan presidential election: Serdar Berdimuhamedow, son of former President Gurbanguly Berdimuhamedow, wins with 89% of the total votes.","[-0.00120302 -0.01383835 -0.02788134 ...  0.00533966  0.02428746
 -0.00055715]",0.22883305185088065
11,"January 15 – A large eruption of Hunga Tonga–Hunga Ha'apai, a submarine volcano in Tonga, triggers tsunami warnings in Australia, Canada, Chile, Fiji, Japan, New Zealand, Samoa, and the United States.","[-0.00623067 -0.01724139  0.00971346 ...  0.01389281  0.02139517
  0.00528808]",0.2304318030641459
40,"March 4 – Insurgency in Khyber Pakhtunkhwa: An Afghan man on behalf of the Islamic State – Khorasan Province commits a suicide attack at a Shia mosque in Peshawar, Khyber Pakhtunkhwa, Pakistan, killing 63 people.","[-0.01610266 -0.0003769   0.01286666 ...  0.01366599  0.00964355
 -0.01312451]",0.23194116973460233
13,"January 23 – Tropical Storm Ana kills 115 people in Madagascar, Malawi and Mozambique, days after a series of floods killed 11 people in Madagascar.","[-0.01513461 -0.00723411  0.00063194 ... -0.0050972  -0.02049132
 -0.0075609 ]",0.2328279341200662
35,March 2 – Russian invasion of Ukraine: The United Nations reports that over a million refugees have now fled from Ukraine to other countries.,"[-0.00984295 -0.01625896  0.00714582 ...  0.00346185  0.00223069
 -0.0029018 ]",0.23475380491838127
49,March 16 – Russian invasion of Ukraine: A Russian airstrike on the Mariupol Theatre in Mariupol kills an estimated 600 civilians sheltering inside.,"[-0.00894288 -0.00560378  0.00525636 ...  0.01019746  0.01640601
 -0.00045318]",0.2352865498256861
114,"August 5 – August 7 – Israel launches airstrikes in the Gaza Strip, killing Islamic Jihad military leader Tayseer Jabari. Both parties agree to a ceasefire after three days of skirmish.","[-0.0357477  -0.00495914 -0.0020167  ... -0.0062022   0.02624813
 -0.01207074]",0.23565906579117768
105,"July 19 – 2022 European heat waves: A series of severe heatwaves from July to August hit Europe, causing at least 53,000 deaths and additionally causing major wildfires, travel disruption, and record high temperatures in many countries.","[-0.00191391 -0.01515715  0.00482973 ... -0.01648019  0.00494534
 -0.01547827]",0.23599983491581922
173,"December 2 – The G7 and Australia join the EU in imposing a cap of $60 a barrel on Russian crude oil, designed to ""prevent Russia from profiting from its war of aggression against Ukraine.""","[-0.00977752 -0.01760867 -0.00781156 ...  0.01805281 -0.00266808
 -0.00113565]",0.23931941752421226
42,March 7 – COVID-19 pandemic: The global death toll from COVID-19 surpasses 6 million.,"[ 0.00570634 -0.00604674  0.00406004 ... -0.00019563  0.00626955
 -0.02569711]",0.2417437023469442
139,September 26 – NASA's DART crashes into the asteroid Dimorphos in a first test of potential planetary defense.,"[-0.00469034 -0.01156286 -0.01183563 ... -0.00098713 -0.01386478
 -0.00498307]",0.24186572069429213
153,"October 29 – At least 158 people are killed and another 197 injured in a crowd crush during Halloween festivities in Seoul, South Korea.","[ 0.00080233 -0.00039335  0.02293002 ... -0.00722655 -0.01254867
  0.00192526]",0.24191463275364378
147,"October 8 – Russian invasion of Ukraine: An explosion occurs on the Crimean Bridge connecting Crimea and Russia, killing three and causing a partial collapse of the only road bridge between the Crimean Peninsula and the Russian mainland. Two days later, retaliatory missile strikes are conducted by Russia across Ukraine, the most widespread since the start of the invasion, notably including attacks on Kyiv.","[-0.01385482 -0.00826714  0.01058717 ...  0.00297846  0.01827268
  0.00605495]",0.2422386613165568
28,"February 28 – The Intergovernmental Panel on Climate Change (IPCC) releases the second part of its Sixth Assessment Report on climate change. It concludes that many impacts are on the verge of becoming ""irreversible"".","[-0.01411414 -0.01224685  0.00571777 ...  0.01967738 -0.01811916
 -0.026992  ]",0.24446174432773493
6,"January 5 – A nationwide state of emergency is declared in Kazakhstan in response to the 2022 Kazakh unrest. The cabinet of prime minister Askar Mamin resigns, while president Kassym-Jomart Tokayev removes former president Nursultan Nazarbayev, widely regarded as being the real power in the country, from his position as Chairman of the Security Council of Kazakhstan.","[-0.00287498 -0.00617269 -0.00132272 ...  0.01344848  0.0197764
 -0.02369997]",0.2445255873776606
31,"February 28 – 2022 Russian financial crisis: In an unprecedented move, Switzerland, Monaco, Singapore and South Korea impose unilateral sanctions over Russia including the introduction of export controls and asset freezes.","[-0.011818   -0.0280842   0.00395469 ...  0.01921412  0.03058467
  0.00459625]",0.24543230846283404
1," – The year saw the removal of nearly all COVID-19 restrictions and the reopening of international borders in most countries, while the global rollout of COVID-19 vaccines continued. The global economic recovery from the pandemic continued, though many countries experienced an ongoing inflation surge; in response, many central banks raised their interest rates to landmark levels. The world population reached eight billion people in 2022. The year also witnessed numerous natural disasters, including two devastating Atlantic hurricanes (Fiona and Ian), and the most powerful volcano eruption of the century so far. The later part of the year also saw the first public release of ChatGPT by OpenAI starting an arms race in artificial intelligence which increased in intensity into 2023, as well as the collapse of the cryptocurrency exchange FTX.","[-0.01069754 -0.02300475 -0.00018612 ... -0.01672707 -0.01300472
 -0.02292426]",0.2454698524500013
125,September 2 – Russian invasion of Ukraine: The G7 economies agree to impose a price cap on Russian petroleum exports.,"[-0.01079283 -0.01849075  0.00487185 ...  0.00772415  0.01138952
  0.00038932]",0.24575187405733767
59,April 6 – The first known dinosaur fossil linked to the very day of the Chicxulub impact is reported by palaeontologists.,"[-0.01958363 -0.01162301 -0.0012049  ...  0.02584022  0.00862188
 -0.02319516]",0.24589413533063442
140,"September 26 – The Nord Stream pipeline sabotage occurs by an unknown perpetrator off the coast of Bornholm, Denmark with explosions on two pipelines leaving them inoperable.","[-0.01715521 -0.03465942  0.02487371 ...  0.00918166  0.00410087
  0.00972531]",0.24616820690392793
65,April 13 – COVID-19 pandemic: The number of confirmed cases exceeds 500 million worldwide.,"[ 0.00016154 -0.00726957  0.00452776 ...  0.01096723 -0.0072507
 -0.01918008]",0.24715672410713962
43,"March 8 – The US and UK announce a ban on Russian oil, while the EU announces a two-thirds reduction in its demand for Russian gas.","[-0.00479427 -0.02399996  0.01293529 ...  0.02682498  0.01549945
 -0.00157874]",0.2476178525744106
89,"June 5 – At least 50 people are killed in a dual mass shooting-bomb attack in Owo, Nigeria.","[-0.01836855 -0.00362943 -0.01246392 ... -0.00166228  0.01884349
 -0.00426802]",0.24774166802477238
62,"April 8 – Russian invasion of Ukraine: Russia is condemned by world leaders following a missile attack on Kramatorsk train station, which kills 59 civilians trying to evacuate, including seven children.","[-0.00099568 -0.00852707 -0.00281629 ...  0.01543297  0.01305867
  0.01183322]",0.2482944553535369
17,February 3 – Islamic State leader Abu Ibrahim al-Hashimi al-Qurashi is killed in Atme during a counter-terrorism raid by U.S. special forces in north-western Syria.,"[-0.03840243  0.00745044 -0.00953525 ... -0.00053836  0.01873066
 -0.00055388]",0.2485099558489976
73,April 27 – The European Union accuses Russia of blackmail after gas supplies to Poland and Bulgaria are halted by energy giant Gazprom.,"[ 0.00179505 -0.02557784  0.01328719 ...  0.01434761  0.01737556
 -0.00029166]",0.24878497257593535
145,"October 1 – A fatal human crush occurs during an association football match at Kanjuruhan Stadium in Malang Regency, East Java, Indonesia, killing 135 people and injuring more than 500.","[-0.0025421   0.00234019  0.01735776 ... -0.01108858  0.00499483
  0.00016705]",0.24894252040865306
52,"March 24 – Russian invasion of Ukraine: NATO announces that four new battlegroups totaling 40,000 troops will be deployed in Bulgaria, Hungary, Romania and Slovakia, along with enhanced readiness for potential chemical, biological, radiological and nuclear threats.","[ 0.00016093 -0.01692912  0.00791533 ... -0.00384459  0.02426938
 -0.00314352]",0.24920204187785744
78,"May 10–May 14 – The Eurovision Song Contest 2022 is held in Turin, Italy. The contest is won by Ukrainian folk-rap group Kalush Orchestra with their song ""Stefania"".","[-0.00874617 -0.03788296  0.01532503 ...  0.00170723 -0.00637047
 -0.03393308]",0.24944312974481186
24,"February 26 – Russian invasion of Ukraine: The EU, US, and their allies commit to removing Russian banks from the SWIFT payment system, as well as imposing measures on the Russian Central Bank and further restrictions on Russian elites. These and other sanctions fuel a financial crisis in Russia.","[-0.01408951 -0.02115371  0.01338957 ...  0.00080282  0.02497745
 -0.00817244]",0.2497621652816029
160,"November 2–November 3 – Tigray War: The Ethiopian government and the TPLF agree to a formal cessation of hostilities, signing a peace agreement in Pretoria, South Africa.","[-0.01737677 -0.0354      0.00431834 ... -0.00244684  0.01316834
 -0.00320481]",0.25040272986459833
135,"September 21 – Russian invasion of Ukraine: Following a major counteroffensive by Ukraine in the east of the country, Putin announces a partial mobilisation of Russia and threatens nuclear retaliation, saying ""this is not a bluff"".","[-0.02545282 -0.02204293  0.01314147 ...  0.00386965  0.01999956
 -0.00913134]",0.25080224833157116
79,"May 12 – The Event Horizon Telescope collaboration reveals its first image of Sagittarius A*, the supermassive black hole at the centre of the Milky Way.","[ 0.00065567 -0.009353   -0.01619246 ...  0.01967172 -0.00282277
 -0.0345545 ]",0.25082051631254854
37,Russian invasion of Ukraine: Russia is condemned by world leaders following an attack by its troops on the Zaporizhzhia nuclear plant – the largest in Europe – which led to a fire at the site.,"[ 0.00042081 -0.03460496  0.01288415 ...  0.01138153  0.01053751
 -0.01028174]",0.2510088564656421
155,"October 29 – Russian invasion of Ukraine: In response to an alleged Ukrainian drone attack against the Black Sea Fleet, Russia withdraw from a U.N.-brokered deal on the shipment of grain, which had brought down soaring global food prices.","[-0.00995424 -0.03041466  0.01551901 ...  0.01112304  0.01735012
  0.01235027]",0.2513438393691134
56,"April 3 – Russian invasion of Ukraine: As Russia's forces retreat from areas near Kyiv, it is accused by Ukraine of war crimes, amid mounting evidence of indiscriminate civilian killings, including the Bucha massacre.","[-0.01230586 -0.01246812  0.00560449 ...  0.01851071  0.01401933
  0.00661375]",0.25143405962328125
22,"February 9 – The biggest breakthrough in fusion energy since 1997 is reported at the Joint European Torus in Oxford, the UK, with 59 megajoules produced over five seconds (11 megawatts of power), more than double the previous record.","[-0.01088276 -0.01674982 -0.01147013 ...  0.0012597   0.00774795
 -0.01285605]",0.25189938491376473
67,"April 18 – Russian invasion of Ukraine: The battle of Donbas begins, leading to the deaths of several thousand military personnel and civilians.","[-0.0061521  -0.00407593  0.00488793 ...  0.01153997  0.00450581
  0.0001013 ]",0.2521268639282571
180,"December 21–December 26 – A major winter storm hits the northern United States and southern Canada. Killing at least 91 people, the storm also severely disrupts North American air traffic, with Southwest Airlines alone canceling more than half of its schedule.","[-0.02485023 -0.02394329  0.0033233  ...  0.00495256 -0.00825966
 -0.00792279]",0.2521579385703445
161,"November 6–November 18 – The 2022 United Nations Climate Change Conference (COP27) on climate change mitigation takes place in Sharm el-Sheikh, Egypt.","[-0.01604046 -0.02646423  0.01983552 ...  0.00750157  0.00367172
 -0.02213786]",0.25248661778435344
45,March 9 – Russian invasion of Ukraine: Russia is condemned by world leaders following an air strike in Mariupol that destroys a hospital including a maternity and children's ward.,"[ 0.0011776  -0.01038724  0.00265281 ...  0.01192324  0.01797126
 -0.00324801]",0.25284762936582306
63,"April 8 – Global food prices increase to their highest level since the UN's Food Price Index began in 1990, with commodities such as wheat rising by nearly 20% as a result of the Ukraine crisis.","[-0.00359971 -0.01842016 -0.0016069  ...  0.00190363  0.01127262
  0.01275791]",0.2529481575197351
8,January 7 – COVID-19 pandemic: The number of COVID-19 cases exceeds 300 million worldwide.,"[ 0.00647461 -0.00337387  0.00529826 ...  0.00029254  0.00335836
 -0.02726413]",0.2536834208890082
51,"March 21 – China Eastern Airlines Flight 5735 crashes in Guangxi, China, killing all 133 people on board.","[-0.01205394 -0.00544564 -0.00634749 ...  0.01530938  0.00584157
 -0.00959664]",0.254161233728073
121,"August 27 – September 11 – The 2022 Asia Cup is held in the United Arab Emirates, and is won by Sri Lanka.","[-0.00749466 -0.01417595  0.02224514 ... -0.01571232  0.01228453
  0.01041248]",0.2543815479480226
96,"June 27 – 53 migrants from Mexico, Honduras, Guatemala, and El Salvador are found dead in a tractor trailer in San Antonio, Texas, United States.","[ 0.00024027 -0.01002631  0.0089207  ... -0.00282879  0.0060777
 -0.00027068]",0.2553886354924062
69,"April 20 – A European Southern Observatory team announce the discovery of micronovae, a new type of exploding star.","[-0.00447914 -0.00106778 -0.00520074 ...  0.02782397 -0.00138632
 -0.02271424]",0.25560654885497835
66,"April 14 – Russian invasion of Ukraine: The Russian flagship Moskva becomes the largest warship to be sunk in action since World War II. Ukraine claims to have struck it with Neptune anti-ship missiles, while Russia claims it sank during stormy weather after an onboard fire.","[-0.01054088 -0.01316616  0.00191924 ...  0.00662949  0.00370588
  0.00918184]",0.25706811787733663
129,"September 11 – The 2022 Swedish general election is held to elect all 349 seats of the Riksdag. Prime Minister Magdalena Andersson resigns after her centre-left bloc narrowly loses to a bloc of right-wing parties, 176 seats to 173; Andersson is succeeded as prime minister by Ulf Kristersson in October.","[-0.01143571 -0.0326997  -0.00777471 ... -0.01526074 -0.00205849
 -0.00629522]",0.25836194703336524
58,"April 4 – The Intergovernmental Panel on Climate Change (IPCC) releases the third and final part of its Sixth Assessment Report on climate change, warning that greenhouse gas emissions must peak by 2025 at the latest and decline 43% by 2030, in order to limit global warming to 1.5 °C (2.7 °F).","[-0.01041568 -0.01640791  0.002665   ...  0.01751377 -0.01571353
 -0.02666928]",0.2583748490562803
34,"March 2 – Russian invasion of Ukraine: Russia captures its first large city, the Black Sea port of Kherson, as shelling intensifies across many parts of Ukraine, including civilian areas.","[ 0.00081963 -0.01842331  0.01258565 ...  0.01605514  0.01425992
  0.01872888]",0.2587530073678649
132,"September 14–September 25 – The Atlantic hurricane Fiona hits Guadeloupe, Puerto Rico, the Dominican Republic, the Lucayan Archipelago, Bermuda, and Eastern Canada.","[-0.0272609  -0.01116593 -0.00558296 ... -0.02172722 -0.00176295
 -0.00397938]",0.2605238404224409
138,"September 25 – The 2022 Italian general election is held to elect all 400 seats of the Chamber of Deputies and 200 seats of the Senate of the Republic (reduced from 630 and 215 respectively according to the outcome of the 2020 constitutional referendum). Observers commented that the results shifted the geopolitics of the European Union, following far-right gains in France, Spain, and Sweden. It was also noted that the election outcome would mark Italy's most right-wing government since 1945.","[-0.01919711 -0.01565502 -0.00328193 ...  0.00426602 -0.01175742
 -0.02602275]",0.26054543169622923
68,"April 19 – The second round of voting of the 2022 East Timorese presidential election is held and the National Congress for Timorese Reconstruction party presidential candidate, former president and former prime minister José Ramos-Horta is elected.","[-0.03669022 -0.01246207 -0.01733396 ...  0.01123425  0.00135586
 -0.00144942]",0.2607394231970439
162,"November 11 – The cryptocurrency exchange FTX, once valued at $18 billion, files for Chapter 11 bankruptcy, in a collapse that affects the cryptocurrency environment.","[ 2.45563313e-03 -2.53561474e-02  6.59713851e-06 ...  6.27954630e-03
  5.66481194e-03 -4.67727073e-02]",0.2609836309501117
142,"September 27 – Russian occupation authorities in Ukraine claim that their annexation referendums show an overwhelming support for the annexation by Russia of the Donetsk People's Republic, the Luhansk People's Republic, and parts of Kherson Oblast and Zaporizhzhia Oblast. However, the voting is widely dismissed as a sham referendum.","[ 0.00322519  0.00372622  0.01185224 ...  0.02175344  0.01173942
 -0.001489  ]",0.2610231012992992
25,"February 27 – Russian invasion of Ukraine: Putin orders Russia's nuclear deterrent forces to be on ""special alert"", their highest level, in response to what he calls ""aggressive statements"" by NATO. The move is condemned by the US.","[-0.01825925 -0.03135296  0.00760695 ... -0.00165117  0.02350187
  0.00285742]",0.2613268033394516
165,"November 15 – The 2022 G20 Bali summit in Bali, Indonesia takes place.","[-0.01120085 -0.02794079  0.0319434  ... -0.0054939  -0.00190608
 -0.00836029]",0.2614239098548321
7,"January 6 – The CSTO deploys a ""peacekeeping"" mission in Kazakhstan, including Russian paratroopers, following a request by Kazakh president Tokayev.","[ 0.01263675  0.003013    0.00600652 ...  0.02594919  0.02598817
 -0.01576183]",0.2615334626832
16,January 28 – COVID-19 pandemic: The number of vaccinations administered worldwide exceeds 10 billion.,"[-0.00761254 -0.0076376  -0.00288838 ... -0.0069484   0.0069108
 -0.0171799 ]",0.26163075001818903
36,March 2 – The International Criminal Court begins an investigation into possible war crimes committed by Russia in Ukraine.,"[ 0.00360052 -0.00591354  0.00987827 ...  0.01959041  0.01242132
 -0.00107265]",0.26166318069490235
70,"April 22 – The Large Hadron Collider recommences full operations, three years after being shut down for upgrades.","[-0.01252129  0.00182826 -0.02698646 ...  0.02876947  0.0127626
  0.00132637]",0.26195178606750535
53,"March 27 – The M23 offensive begins in North Kivu, Democratic Republic of the Congo.","[-0.01958878  0.00385054  0.00973037 ...  0.01585026  0.00677285
  0.0119005 ]",0.2634245812619046
95,June 26 – G7 leaders gather for a summit in Germany to discuss the situation in Ukraine. A ban on imports of Russian gold is announced.,"[ 0.00038854 -0.01174406  0.00377852 ...  0.00549864  0.01580342
 -0.02295197]",0.2641361570676546
97,"June 28 – June 30 – A NATO summit is held in Madrid, Spain along with the presence of guest countries from the European Union and the Indo-Pacific primarily searching for a consensual defensive reinforcement after the Russian invasion of Ukraine and the sustained threatening over the territorial integrity of other countries.","[-0.01424286 -0.02106339  0.02425967 ... -0.00197762  0.00187397
 -0.00976271]",0.2644675595624204
146,October 5 – OPEC+ imposes a production cut of up to 2 million barrels per day.,"[-0.02462954 -0.02099504  0.01121926 ...  0.01812095 -0.0016932
 -0.01013665]",0.2650864280529641
4,January 2 – Abdalla Hamdok resigns as Prime Minister of Sudan amid deadly protests.,"[-0.01488367  0.00119102 -0.02099312 ... -0.00153224  0.00841025
  0.00725335]",0.2655723973046469
111,"July 31 – Ayman al-Zawahiri, the Egyptian terrorist who became the 2nd Emir of al-Qaeda after Osama bin Laden's death in 2011, is killed in an airstrike in Kabul, Afghanistan conducted by the United States' Central Intelligence Agency.","[-0.03548588 -0.01217551 -0.01528443 ...  0.01089422 -0.00139023
 -0.00692677]",0.266214999695927
143,"September 30 – Annexation of Southern and Eastern Ukraine: Russian President Vladimir Putin signs treaties absorbing the occupied regions of Donetsk, Luhansk, Kherson and Zaporizhzhia into the Russian Federation. This annexation is seen as a breach of international law by the global community.","[-0.00044244 -0.00154688  0.02333429 ...  0.0101044   0.00949667
  0.00510229]",0.26666234041308956
29,"February 28 – Russian invasion of Ukraine: Russian and Ukrainian officials meet on the Belarus-Ukraine border for the first round of peace talks, with no resolution.","[-0.01181197 -0.00887162  0.00911823 ...  0.00774607  0.01521392
 -0.00268899]",0.2668961540089487
38,"March 3 – The National Assembly of Armenia elects incumbent minister of High-Tech Industry and former mayor of Yerevan, Vahagn Khachaturyan, as president of Armenia following the resignation of Armen Sarkissian.","[-0.00547598 -0.00600904 -0.01567519 ... -0.00780529  0.01170793
  0.00228731]",0.2670030888799504
23,"February 21 – February 24 – Russian President Vladimir Putin signs a decree declaring the Luhansk People's Republic and Donetsk People's Republic as independent from Ukraine, and, despite international condemnation and sanctions, begins a full-scale invasion of Ukraine; at dawn on 24 February missiles strike Kyiv. Ukraine severs diplomatic relations with Russia, followed by the Federated States of Micronesia on 25 February.","[-0.01189002 -0.00686654  0.00487711 ...  0.00702623  0.02730647
  0.01104501]",0.267311748273781
124,September 1 – The UN releases a report stating that the Chinese government's Xinjiang internment camps and treatment of Uyghurs may constitute crimes against humanity.,"[ 0.0079371  -0.02107126  0.01200213 ...  0.01761084  0.01896156
 -0.00549294]",0.2674342089891496
18,"February 4 – China and Russia issue a joint statement opposing further NATO expansion, expressing ""serious concerns"" about the AUKUS security pact, and pledging to cooperate with each other on a range of issues.","[-0.01093248 -0.03520606 -0.00190495 ...  0.01052566  0.00590212
 -0.00440399]",0.26747340233187256
92,"June 19 – The second round of the 2022 Colombian presidential election is held, and former guerrilla fighter for the 19th of April Movement and incumbent senator, Gustavo Petro, defeats businessman and former mayor of Bucaramanga, Rodolfo Hernández Suárez.","[-0.0316311  -0.01056579  0.01657119 ... -0.00407983  0.00354624
  0.01356187]",0.2675389058202877
60,"April 7 – The UN votes by 93–24 to suspend Russia from the Human Rights Council, with 58 countries abstaining.",[0.01496322 0.00629035 0.00347293 ... 0.00635968 0.02639679 0.00227694],0.26777153819236044
164,November 15 – The world population reaches 8 billion.,"[ 0.0006238  -0.01111866  0.00714274 ...  0.00074904  0.00929189
 -0.02303376]",0.2679337139202942
27,"February 27 – In a constitutional referendum, Belarus votes to revoke its non-nuclear status and to allow the country to host Russian forces permanently.","[-0.00984346 -0.00278844  0.00529288 ...  0.01909309  0.01255445
 -0.01776342]",0.26808112689563834
169,November 20–December 18 – The 2022 FIFA World Cup is held in Qatar and won by Argentina.,"[ 0.00300075 -0.01554745  0.01315066 ... -0.00766593 -0.00079338
 -0.01520506]",0.2688524733606299
108,"July 23 – The World Health Organization (WHO) declares the recent monkeypox outbreak a Public Health Emergency of International Concern, as the number of reported cases exceeds 17,000 in 75 countries.","[ 0.00276543  0.00427865  0.0143732  ... -0.00798724 -0.00077543
 -0.02398095]",0.26895680531487975
103,"July 11 – The first operational image from the James Webb Space Telescope, showing the galaxy cluster SMACS 0723, is revealed to the public.","[ 0.00699998 -0.00096638 -0.0059131  ...  0.01198147 -0.01361178
 -0.00892788]",0.2691211147465754
179,"December 19 – At the UN Biodiversity Conference (COP15), nearly 200 countries agree a landmark deal to protect a third of the planet for nature by 2030.","[ 0.0017634  -0.00939844  0.02928489 ...  0.01058997 -0.02319343
 -0.02560198]",0.26918673998695797
184,"December 7 – The world population was estimated to have reached 8 billion on 15 November 2022, 11 years after it reached 7 billion. China was the most populous country throughout the year, followed by India. Africa was the fastest growing continent.","[-0.00164046 -0.01525018  0.00222084 ... -0.00822277 -0.01360185
 -0.00966977]",0.2693524897476415
163,"November 11 – Russian invasion of Ukraine: Ukrainian forces recapture Kherson, the only regional capital to be taken by Russia since the start of the war.","[-0.01228397 -0.01399551  0.01655967 ...  0.02315323  0.00700407
  0.01269449]",0.2696212367824101
83,"May 20 – 2022 monkeypox outbreak: The World Health Organization (WHO) holds an emergency meeting to discuss the spread of monkeypox in nearly a dozen countries, as the number of reported cases reaches 100.","[-0.01189819 -0.01851537  0.00947401 ... -0.00639766 -0.00516012
 -0.00553234]",0.2699376563735367
26,February 27 – Russian invasion of Ukraine: European nations ban Russian flights in their airspace.,"[-0.00622401 -0.02175405  0.02186762 ...  0.01451111  0.02241021
 -0.00599688]",0.2704718474943849
46,"March 10 – The National Assembly of Hungary elects former minister for Family Affairs, Katalin Novák, as president of Hungary in a 137–51 vote.","[-0.01302978 -0.01204287 -0.0001664  ... -0.0006015   0.00431531
 -0.02887192]",0.27073072360160444
14,January 23 – A coup d'état in Burkina Faso removes president Roch Kaboré from power. The Burkinabé military cites the government's failure to contain activities of Islamist militants within the country as a reason for the coup.,"[-0.02869176 -0.01284609  0.00642304 ... -0.00052085  0.00941612
  0.00629263]",0.27088533985704955
120,"August 19 – The coalition government of Montenegrin prime minister Dritan Abazović collapses after the 81-seat Parliament of Montenegro passes a motion of no confidence in a vote of 50–1, following dispute within the coalition over an agreement the government signed with the Serbian Orthodox Church.","[-0.00749405  0.00508221 -0.02428203 ... -0.01591749 -0.00382884
 -0.00817473]",0.27144231336025826
144,"September 30 – Burkina Faso's military junta is overthrown by the country's second coup of the year, led by army captain Ibrahim Traoré.","[-0.03032657 -0.01727909  0.00334676 ... -0.0018497   0.01362214
  0.00726166]",0.2717088658979442
33,"March 1 – Russian invasion of Ukraine: In an emergency session, United Nations member states pass a resolution deploring Russia's invasion of Ukraine and calling for the immediate withdrawal of its forces.","[-0.00760538 -0.01613809  0.00349358 ... -0.00247771  0.02748499
 -0.00361594]",0.27184282236072255
136,"September 22 – October 1 – The 2022 FIBA Women's Basketball World Cup is held in Sydney, Australia. In the final, United States wins 83–61 against China.","[-0.01508291 -0.02689979  0.00042875 ... -0.00932235  0.01030601
 -0.01387422]",0.2721687405013078
3," January 1 – The Regional Comprehensive Economic Partnership, the largest free trade area in the world, comes into effect for Australia, Brunei, Cambodia, China, Indonesia, Japan, South Korea, Laos, Malaysia, Myanmar, New Zealand, the Philippines, Singapore, Thailand, and Vietnam.","[-0.00054047 -0.02415807 -0.00532435 ... -0.00850322 -0.01495937
 -0.01806934]",0.2724040373350154
77,May 9 – 2022 Philippine presidential election: Bongbong Marcos and Sara Duterte are elected the 17th President and 15th Vice President of the Philippines in a landslide victory.,"[-0.0329373  -0.02460068 -0.00945541 ... -0.01116876 -0.01019701
  0.00749272]",0.27290427679614315
41,"March 5 – Researchers in the Antarctic find Endurance, one of the greatest ever undiscovered shipwrecks, which sank in 1915 during Ernest Shackleton's exploration.","[-0.00699313 -0.00784276  0.00064825 ...  0.00345082 -0.00064539
 -0.0195677 ]",0.27297992778327274
133,"September 16 – Protests erupt in Iran following the death of Mahsa Amini in the custody of the country's ""morality police"".","[-0.02159056 -0.00531315 -0.00624904 ... -0.00367858 -0.00094077
 -0.0115037 ]",0.27306471433336876
85,May 24 – Uvalde school shooting: 18-year-old Salvador Ramos fatally shoots 19 students and two teachers at Robb Elementary School.,"[-0.02423256 -0.00238343 -0.00519728 ... -0.00388029 -0.00038947
  0.01042668]",0.27355736872102165
90,"June 14 – Canada and Denmark end their competing claims for Hans Island by dividing the island roughly in half, ending what was referred to as the Whisky War.","[-0.01034479 -0.01578151 -0.00521155 ...  0.02239957  0.01836608
 -0.0099075 ]",0.27361198522625285
55,"March 31 – Expo 2020 closes in Dubai after a 6-month run; originally scheduled for 10 April 2021, it was delayed due to the COVID-19 pandemic.","[-0.00312684 -0.04655766 -0.00169539 ... -0.00162981  0.03217842
 -0.01744941]",0.2737351591796563
107,"July 21 – The European Central Bank raises its key interest rate for the first time in more than 11 years, from minus 0.5 per cent to zero, with plans for further increases later in the year.","[-0.01869112 -0.02244206  0.01743233 ...  0.00745102  0.01008939
 -0.01380854]",0.2737441089100917
159,"November 1 – 2022 Danish general election: A bloc of left-leaning political parties wins a narrow one-seat majority of 90 seats. Incumbent Prime Minister Mette Frederiksen's second government takes office, in December not using the left-leaning majority but instead consisting of Venstre and the Moderates.","[-0.02313135 -0.04128457 -0.01627665 ... -0.00069964  0.00093177
  0.00091548]",0.2737755692694702
178,December 18 – Argentina wins the 2022 FIFA World Cup against runners-up France.,"[ 4.28774254e-03  4.37432500e-05  1.46406796e-03 ... -8.20906647e-03
  9.79688112e-03 -9.12189856e-03]",0.27381522661805635
176,"December 7 – After substantial protests against China's Zero-COVID policies, the Chinese government eases on its COVID restrictions.","[ 0.01586485 -0.01873152 -0.01228479 ...  0.01100853  0.01212771
 -0.02932118]",0.27383060752309984
44,March 9 – 2022 South Korean presidential election: People Power Party candidate Yoon Suk-yeol is narrowly elected President of South Korea.,"[-0.01110009 -0.03456705  0.02226289 ...  0.0089177   0.00018892
  0.00256023]",0.27393073416254876
82,May 16 – Russian invasion of Ukraine: The Siege of Mariupol ends in a Russian victory as Ukrainian troops are evacuated from Mariupol.,"[-0.01834729 -0.0064695   0.01101477 ...  0.00635762  0.01685138
 -0.00916725]",0.27399773044064935
81,"May 15 – Former President of Somalia Hassan Sheikh Mohamud is elected president again, beating President Mohamed Abdullahi Mohamed.","[-0.01142452 -0.00954953 -0.01931888 ... -0.02022405  0.03856018
  0.01255598]",0.2749635147762536
30,February 28 – Russian invasion of Ukraine: Football governing bodies FIFA and UEFA suspend Russian clubs and national teams from all competitions.,"[ 0.00666488 -0.01821481  0.01375894 ...  0.0028291   0.01860612
 -0.00310838]",0.27541650072494184
100,"July 7 – July 17 – The 2022 World Games is held in Birmingham, Alabama, United States.","[-0.00404577 -0.01797414 -0.0024246  ... -0.01544633  0.03048617
 -0.0113561 ]",0.27561185282012846
88,June 4 – Retired general Bajram Begaj is elected the 9th President of Albania by the parliament in the 4th round of voting.,"[-0.00945506 -0.0059013  -0.01048616 ... -0.02651048  0.01868963
 -0.00105705]",0.27562054984994044
57,"April 3 – The second round of voting of the 2022 Costa Rican general election is held, and Social Democratic Progress Party presidential candidate Rodrigo Chaves Robles is elected president.","[-0.02192839 -0.01455816 -0.00490915 ...  0.00450548 -0.01703227
  0.00611039]",0.27590325091653667
99,"July 6 – July 31 – UEFA Women's Euro 2022 is held in England, with the hosts winning their first major tournament since 1966.","[ 0.00319446 -0.02447035  0.00050875 ... -0.00022065  0.02165607
 -0.01930874]",0.27599250100849937
72,"April 25 – Elon Musk reaches an agreement to acquire the social media network Twitter (which he later rebrands as X) for $44 billion USD, which later closes in October.","[-0.01149666 -0.01462514  0.01085689 ...  0.01213643  0.01535448
 -0.00363709]",0.27660876863127215
102,"July 8 – Former Prime Minister of Japan Shinzo Abe is assassinated while giving a public speech in the city of Nara, Japan.","[-0.01147119 -0.00537057 -0.01267735 ... -0.00148548 -0.0027329
 -0.01501983]",0.27719046640667644
5,"January 4 – The five permanent members of the UN Security Council—China, France, Russia, the United Kingdom and the United States—issue a rare joint statement affirming that ""a nuclear war cannot be won and must never be fought.""","[-0.00321141 -0.0126886  -0.00742471 ...  0.01371876  0.01817862
 -0.00881292]",0.27733637386525967
117,"August 10 – Spanish club Real Madrid beat German club Eintracht Frankfurt 2–0 to win the 2022 UEFA Super Cup played at the Olympic Stadium in Helsinki, Finland.","[-0.00764223 -0.01233179  0.00298485 ... -0.01762603  0.00243323
 -0.01001596]",0.2791167980980409
71,"April 24 – The 2022 Slovenian parliamentary election is held to elect all 90 members of the National Assembly of Slovenia, the lower house of the Slovenian Parliament; the Freedom Movement party becomes the largest party, winning 41 of 90 seats.","[-0.0100414  -0.00117934 -0.01229107 ...  0.00145107 -0.01156435
 -0.01352334]",0.27971956620037486
32,March 1 – Russian invasion of Ukraine: World Athletics bans both Russia and Belarus from competing in all of its events.,"[-0.0021207  -0.00788697  0.0038666  ...  0.00320989  0.0103088
 -0.00535302]",0.2803507677456979
158,"November 1 – 2022 Israeli legislative election: A bloc of right-wing and far-right political parties led by former Prime Minister Benjamin Netanyahu wins a 64-seat majority (out of 120), allowing him to be sworn in as Prime Minister of Israel for a third time in December.","[-0.01897839 -0.01871859 -0.02249868 ... -0.0004851  -0.00336116
 -0.0052642 ]",0.2806098197084611
86,May 27 – Fiji announces that it will become the 14th member of the Indo-Pacific Economic Framework for Prosperity in order to counter Chinese influence in the Pacific. This comes amid a visit by Chinese foreign minister Wang Yi to Kiribati.,"[-0.00358316 -0.00068144  0.00367461 ...  0.00104441 -0.01027585
 -0.01868336]",0.28100374127075645
61,"April 7 – President of Yemen Abdrabbuh Mansur Hadi resigns from office, dismisses vice president Ali Mohsen al-Ahmar, and transfers both offices' powers to the newly formed eight-member Presidential Leadership Council, chaired by Rashad al-Alimi.","[-0.01918981 -0.01197408 -0.00127106 ... -0.01185675  0.02630777
  0.00988171]",0.28165491800881814
112,"August 4 – China conducts its largest ever military exercise around Taiwan in response to a controversial visit by Nancy Pelosi, the highest-ranking U.S. official to visit Taiwan since the 1990s.","[-0.01854953 -0.02347959  0.00348617 ... -0.01261134  0.00661136
 -0.01434792]",0.28175697075392736
0," – 2022 (MMXXII) was a common year starting on Saturday of the Gregorian calendar, the 2022nd year of the Common Era (CE) and Anno Domini (AD) designations, the 22nd  year of the 3rd millennium and the 21st century, and the  3rd   year of the 2020s decade.  ","[ 9.04024419e-05 -1.79945491e-02 -1.72913428e-02 ... -7.85456412e-03
 -1.26577150e-02 -1.29465321e-02]",0.2824168564616253
167,"November 19 – The 2022 Malaysian general election results in a hung parliament, which is the first in the country's history. Long-time opposition leader Anwar Ibrahim is appointed by Yang di-Pertuan Agong Abdullah as prime minister five days later to break the political deadlock and form a unity government.","[-0.0254064  -0.02213931 -0.01578451 ... -0.00153345  0.00750149
  0.00538108]",0.28255631308794915
84,"May 21 – 2022 Australian federal election: The Labor party, led by Anthony Albanese, defeats the Liberal-National Coalition government led by Prime Minister Scott Morrison. Albanese would be sworn in on May 23.","[-0.01806228 -0.01298903 -0.02653893 ... -0.00428613  0.00791579
  0.00094327]",0.2840400974292242
91,"June 19 – The second round of the 2022 legislative election is held in France, resulting in a hung parliament, with President Macron's coalition losing its majority in the National Assembly. A newly-formed coalition of left-wing parties, led by far-left Jean-Luc Mélenchon, makes significant gains. Marine Le Pen's far-right National Rally also makes historic gains, increasing its number of MPs tenfold and becoming the largest opposition party in Parliament. Two weeks later, Macron's government is reshuffled, continuing as a minority administration.","[-0.02889294 -0.00254054 -0.00879719 ...  0.00236094 -0.01908345
 -0.01551755]",0.2840720820985724
151,October 28 – Elon Musk completes his $44 billion acquisition of Twitter.,"[-0.01011026 -0.01613353  0.00549978 ...  0.01403958  0.01388821
 -0.00190316]",0.2844784922543613
75,"May 6 – 2022 monkeypox outbreak: An outbreak of monkeypox begins when the first monkeypox virus case is reported in London, the United Kingdom.","[-0.00618725 -0.01310168  0.00109703 ...  0.00294631  0.01248108
 -0.00255451]",0.2849052770285837
168,"November 19–November 26 – The 2022 Central American and Caribbean Beach Games are held in Santa Marta, Colombia.","[-0.02162836 -0.02512726  0.01294592 ... -0.01258307 -0.00035374
 -0.011974  ]",0.28541342248507495
123,"August 30 – The last Soviet Leader, Mikhail Gorbachev died at the age of 91.","[ 0.00219524 -0.00325062 -0.01850572 ...  0.01415668  0.01433524
  0.00461049]",0.2856176350281896
39,"March 4 – March 13 – The 2022 Winter Paralympics are held in Beijing, China, making it the first city to host both Summer Paralympics and Winter Paralympics.","[-0.0060748  -0.02262206 -0.00845607 ... -0.00326624 -0.01350666
 -0.00917301]",0.28580654682131756
80,May 13 – Mohamed bin Zayed Al Nahyan is elected as the 3rd president of the United Arab Emirates by the Federal Supreme Council following the death of Khalifa bin Zayed Al Nahyan a day earlier.,"[-0.01947902 -0.02948519 -0.01266009 ... -0.00885064  0.00965697
 -0.00666655]",0.28597423002016376
170,"November 20 – 2022 Nepalese general election: The Nepali Congress, led by Prime Minister Sher Bahadur Deuba, emerged as the largest party with 89 seats, but the governing bloc falls short of the majority by two seats, leading into likely coalition government.","[-0.00421317 -0.00070126 -0.00156023 ... -0.00914088  0.00244293
 -0.00325563]",0.2876129873414375
137,September 24 – The 2022 Nauruan parliamentary election was held which saw Ubenide parliament member Russ Kun be elected president by parliament.,"[-0.01100372 -0.01675174  0.00255135 ... -0.01648563 -0.01113013
 -0.01770974]",0.2876372977562127
174,"December 5 – The National Ignition Facility achieves fusion ignition, a major milestone in the development of nuclear fusion power.","[-0.02921121 -0.00906532 -0.01871384 ...  0.01211734 -0.00101734
 -0.00751664]",0.28826870149916617
106,"July 21 – The Parliament of Sri Lanka elects Prime Minister Ranil Wickremesinghe as President of Sri Lanka, following the resignation of Gotabaya Rajapaksa amid protests over the ongoing economic crisis.","[ 0.00940888 -0.00222759 -0.02259142 ... -0.00511778  0.01191413
 -0.00266459]",0.28936508602349365
118,"August 12 – Indian-born British-American novelist Salman Rushdie is stabbed multiple times as he is about to give a public lecture at the Chautauqua Institution in Chautauqua, New York, United States.","[-0.01807347  0.00179137 -0.00642873 ... -0.02821861  0.01520467
 -0.00330076]",0.29033071111227615
54,March 29 – The Democratic Republic of the Congo is admitted to the East African Community.,"[ 0.00393963  0.00443248  0.0059363  ...  0.00910506 -0.00935149
 -0.00164757]",0.2903919675501868
110,"July 28–August 8 – The 2022 Commonwealth Games is held in Birmingham, England.","[-0.00669427 -0.00759111 -0.0068352  ... -0.00563728  0.0119664
 -0.00843029]",0.2904035498744054
166,"November 16 – NASA launches Artemis 1, the first uncrewed mission of its Space Launch System, the most powerful rocket ever to reach orbit. The onboard Orion capsule orbits the Moon before returning to Earth, as a demonstration of planned human missions.","[ 0.01190604 -0.01334409 -0.02971975 ... -0.00858945  0.0172955
  0.00016194]",0.29075416706757184
64,"April 11 – The National Assembly of Pakistan elects leader of the opposition Shehbaz Sharif as prime minister of Pakistan, after Imran Khan is removed from office following a motion of no confidence two days prior.","[-0.01706964 -0.0027833  -0.02341702 ...  0.02145717 -0.00291764
 -0.01263153]",0.2908780573480966
181,"December 24 – 2022 Fijian general election: The Parliament of Fiji elects Sitiveni Rabuka as Prime Minister of Fiji, defeating incumbent Prime Minister Frank Bainimarama after a contentious election.","[-0.01159952 -0.00938244 -0.02322474 ... -0.00419318  0.0011471
  0.00257053]",0.29216475058805147
74,"April 28 – The Parliament of Montenegro elects a new government with Dritan Abazović as prime minister, following a motion of no confidence against the government of Zdravko Krivokapić.","[ 0.00263248 -0.000744   -0.03287516 ... -0.01166334 -0.01210657
  0.00114528]",0.292258047109886
87,"May 28 – Spanish club Real Madrid beat English club Liverpool 1–0 to win the UEFA Champions League final played at the Stade de France in Paris, France.","[-6.89590536e-03 -9.51028708e-03 -3.58175021e-05 ... -1.49537576e-02
 -2.21180473e-03  3.06866219e-04]",0.2925229434544746
113,"August 4 – The Prime Minister of Peru, Aníbal Torres, resigns following multiple criminal investigations against the President of Peru, Pedro Castillo.","[ 0.00329177  0.00168583 -0.00597631 ...  0.01042499 -0.01729615
  0.00354424]",0.29388320533382906
9,"January 9 – February 6 – The 2021 Africa Cup of Nations is held in Cameroon, with Senegal winning their first championship.","[-0.00280995 -0.02071123  0.01580058 ... -0.01412129  0.02235235
  0.00056215]",0.2951562893280997
149,"October 20 – After 45 days in office, Liz Truss announced her resignation as leader of the Conservative Party and her intention to resign as prime minister of the United Kingdom.","[-0.01923119 -0.00392349 -0.0039618  ...  0.02181067 -0.00064208
 -0.01674109]",0.2979835378241257
156,"October 30 – 2022 Brazilian general election: Luiz Inácio Lula da Silva defeats incumbent Jair Bolsonaro in a runoff election after neither candidate secured a majority in the first round of voting. Lula da Silva is the first president elected three times, and also the oldest one, at 77.","[-0.02151905 -0.00963645 -0.01691059 ... -0.0004038  -0.00660288
  0.00772595]",0.29825209558454535
172,"November 30 – OpenAI releases ChatGPT, an artificial intelligence chatbot able to answer questions and write essays.","[-1.13043543e-02 -1.44039355e-02 -4.88888109e-05 ... -1.02689900e-02
 -3.45772598e-03 -3.81326601e-02]",0.2983365924324397
104,"July 18 – Droupadi Murmu is elected as President of India, making her the first tribal woman and youngest person to be elected to the office.","[-0.03124043 -0.00690106 -0.02211156 ... -0.00877677  0.00043372
 -0.00304722]",0.2991537062576717
12,"January 16 – World No. 1 tennis champion Novak Djokovic is deported from Australia following a high-profile legal case regarding his COVID-19 vaccination status, preventing his participation in the 2022 Australian Open.","[-1.40969250e-02 -2.56897062e-02  2.69322447e-03 ... -1.93594377e-02
  6.83236867e-03  9.81159974e-05]",0.2997100941592409
50,"March 19 – The apostolic constitution Praedicate evangelium, reforming the Roman Curia, is promulgated by Pope Francis, coming into force on 5 June.","[ 0.0010516  -0.01340724 -0.00910442 ...  0.01294171  0.00645423
 -0.02463314]",0.3005291130958032
98,"July 1 – Yair Lapid succeeds Naftali Bennett as Prime Minister of Israel, while Bennett succeeds Lapid as Alternate Prime Minister of Israel; this arrangement had been created after the 2021 Israeli legislative election, in which no party won an outright majority.","[-0.00412513 -0.01458459 -0.02256114 ...  0.00208212 -0.0014956
 -0.02059307]",0.30088426290388315
47,March 11 – Gabriel Boric is sworn in as President of Chile. He becomes the youngest head of state in the nation's history and the first to be born during the military dictatorship of Augusto Pinochet.,"[-0.01252068 -0.00958462 -0.00771859 ... -0.01090911 -0.01250763
  0.00237658]",0.3009327863180373
19,"February 4 – February 20 – The 2022 Winter Olympics are held in Beijing, China, making it the first city ever to host both the Summer Olympics and Winter Olympics.","[-0.00915491 -0.02713035 -0.01333803 ... -0.00239757  0.00241492
 -0.00927479]",0.3016659987655075
134,"September 19 – The state funeral of Elizabeth II is held in Westminster Abbey, London. Her coffin is then taken by procession to Windsor Castle for burial with her husband, parents and sister in the King George VI Memorial Chapel. The funeral is speculated to be the most watched television event in world history.","[-0.00514632 -0.01083367 -0.00593211 ...  0.01343582 -0.00806407
 -0.0189235 ]",0.3019718344033018
127,September 6 – Liz Truss is appointed Prime Minister of the United Kingdom after winning the July–September 2022 Conservative Party leadership election.,"[-0.01074503  0.00121264 -0.01721455 ...  0.01161388  0.00338478
 -0.01418919]",0.30281188447008633
150,"October 25 – Amid a government crisis, Rishi Sunak becomes Prime Minister of the United Kingdom, following the resignation of Liz Truss the previous week resulting in a 50-day tenure.","[ 0.00174314 -0.02185157 -0.02128865 ...  0.00439782  0.00297133
 -0.01076586]",0.30317995859657065
116,"August 9 – 2022 Kenyan general election: William Ruto is elected as Kenya's 5th president, defeating longtime opposition leader Raila Odinga. His victory is certified by the nation's election supervisory agency on August 15 amid protests and violence by Odinga supporters.","[-0.02240327 -0.01104668 -0.00535871 ... -0.01464283  0.00823175
  0.01376478]",0.30331673479815413
76,May 9 – Prime Minister of Sri Lanka Mahinda Rajapaksa resigns as a result of massive protests against his government across the country. He is succeeded by Ranil Wickremesinghe as prime minister three days later.,"[-0.0017564   0.00076427 -0.01429175 ... -0.01814001 -0.00416157
  0.0043198 ]",0.30464334908478885
15,"January 24 – The federal government under Scott Morrison announces that, after more than three years of confidential negotiations, copyright ownership of the Australian Aboriginal Flag has been transferred to the Commonwealth.","[-0.00865028 -0.00844247 -0.01823573 ...  0.01400151  0.02457407
 -0.02979542]",0.3056408004590401
101,"July 7 – After revelations over his appointment of Chris Pincher as Deputy Chief Whip triggered a series of resignations from his government, UK Prime Minister Boris Johnson announces his intention to resign, triggering the July–September 2022 Conservative Party leadership election.","[-0.00704799 -0.01102199 -0.02641728 ...  0.00689587  0.01085086
 -0.00846139]",0.3059806010812376
182,"December 29 – Brazilian football legend Pelé dies at the age of 82, with his funeral being held at the Vila Belmiro stadium in Santos.","[-0.00759154  0.00411421  0.00842585 ...  0.00784629  0.01704276
 -0.00571276]",0.306421153515657
175,"December 7 – The Congress of Peru removes President Pedro Castillo from office and arrests him after he tries to dissolve congress in a coup attempt, Vice President Dina Boluarte succeeds him.","[-0.02186357  0.01293238 -0.01425095 ...  0.01432889 -0.0019129
 -0.00301874]",0.3066477363124883
21,"February 6 – Queen Elizabeth II celebrates her ""Platinum Jubilee"", marking 70 years as Queen of the United Kingdom.","[-0.01585858 -0.01427396 -0.01588334 ...  0.01719561  0.00892587
 -0.00595161]",0.306719254828678
10,"January 10 – The first successful heart transplant from a pig to a human patient occurs in Baltimore, Maryland, United States.","[-0.00896151 -0.01291284  0.00976211 ... -0.01122126  0.00706332
 -0.00516836]",0.3073406710962445
115,August 6 – Terrance Drew is sworn in as prime minister of Saint Kitts and Nevis.,"[-0.00321035 -0.00877627 -0.03413937 ... -0.00180909  0.01020527
  0.00551372]",0.3084757621353871
94,"June 23 – Dickon Mitchell's party wins a majority of seats in Grenada's general election, defeating Prime Minister Keith Mitchell's party. Mitchell is appointed Prime Minister of Grenada, following Keith Mitchell's resignation on June 24.","[-0.0123112  -0.00302683 -0.02359646 ... -0.01412631  0.00319453
 -0.00121501]",0.30873793241634995
183,"December 31 – Former Pope Benedict XVI dies at the age of 95, with his funeral being held in St. Peter's Square, presided over by Pope Francis and Cardinal Giovanni Battista Re.","[ 0.02356944  0.00764064 -0.01287254 ...  0.00866371  0.00424444
 -0.00920762]",0.3095328506749129
152,October 28 – Sam Matekane is sworn in as Prime Minister of Lesotho after securing a victory in the 7 October elections.,"[-0.00075529 -0.01176627 -0.03040894 ... -0.00759587  0.01285503
  0.00017171]",0.3104132190023825
128,September 8 – Queen Elizabeth II of the United Kingdom and 14 other Commonwealth realms dies at Balmoral Castle in Scotland at the age of 96. Her son Charles III succeeds her as King.,"[-0.00251191 -0.00085271 -0.0205288  ...  0.02932685  0.01037916
 -0.00384756]",0.31203744274530476
148,"October 16–October 23 – The 20th National Congress of the Chinese Communist Party is held. Xi Jinping is elected as General Secretary by the Central Committee, beginning a third term as the paramount leader of China.","[-0.00923816 -0.01636473  0.01084115 ...  0.00057095  0.00318668
 -0.01406002]",0.3123394832179348
177,"December 17 – Leo Varadkar succeeds Micheál Martin as Taoiseach (Prime Minister) of Ireland, as part of a rotation agreement made in 2020.","[ 0.00825725 -0.0237925  -0.02508131 ... -0.0019427  -0.00818143
 -0.01496034]",0.3169402474631885
